CITIZENSHIP_CARD,9610753434,Taggart,Aluino,1047949911,39 Acker Lane
IDENTITY_CARD,6549863600,Eldridge,Nicolis,2866210204,462 Washington Court
PASSPORT,8519544177,Andrys,Suki,8311933804,2 Corscot Junction
FOREIGNER_CARD,792959906,Lifton,Chrisse,3041993163,283 Haas Circle
CITIZENSHIP_CARD,4258349526,Gosswell,Kelci,1322342520,8 Coleman Street
IDENTITY_CARD,7501150109,McMeanma,Tedman,6448629947,84953 Heffernan Court
PASSPORT,2764580649,Hanley,Gage,4826838417,06101 Sage Junction
FOREIGNER_CARD,2215199296,Leagas,Gabriella,3469638411,3 Dwight Alley
CITIZENSHIP_CARD,3407566018,Esel,Brear,39473864,463 Corry Junction
IDENTITY_CARD,8659450469,Chillingworth,Tootsie,703934945,0 Prairie Rose Avenue
PASSPORT,8475188753,Alabaster,Bryanty,4019942412,4756 Glacier Hill Park
FOREIGNER_CARD,1964027934,Dyne,Padgett,3766729543,25214 Sunbrook Crossing
CITIZENSHIP_CARD,2673060219,Southall,Davey,9175733870,80314 3rd Center
IDENTITY_CARD,7881914661,Fritchly,Bethina,9811747431,25556 Killdeer Place
PASSPORT,4345941032,Varah,Burr,3737169888,377 Westport Point
FOREIGNER_CARD,8654605340,Orae,Thatcher,6232073991,4564 Ridge Oak Plaza
CITIZENSHIP_CARD,916525821,Ivanilov,Danella,8969048073,2 Old Shore Junction
IDENTITY_CARD,6772486722,Heighton,Callie,682558486,3 Sommers Street
PASSPORT,5763363019,Rymell,Connie,7042010728,489 Di Loreto Trail
FOREIGNER_CARD,7798838716,Espina,Flori,7130277645,4 Cascade Point
CITIZENSHIP_CARD,2576000703,Markussen,Franni,3700524641,5347 Prairieview Avenue
IDENTITY_CARD,1712999192,Hulkes,Kirk,2903240302,18776 Talisman Plaza
PASSPORT,9218369970,Larmett,Shaylah,354439510,613 Algoma Avenue
FOREIGNER_CARD,5204881255,Di Biagio,Darda,7348246524,98035 1st Way
CITIZENSHIP_CARD,8383688296,Brunsdon,Feliza,5686061858,58 Briar Crest Avenue
IDENTITY_CARD,5094272195,Shewan,Elmore,4286939863,5892 Cordelia Court
PASSPORT,3604511585,Labeuil,Cindra,8573481560,6 Laurel Circle
FOREIGNER_CARD,542677741,Skivington,Torre,802613004,8850 Browning Center
CITIZENSHIP_CARD,9325050420,Sowrah,Neda,1550167383,53320 Karstens Court
IDENTITY_CARD,608687405,Broadey,Loralie,4480946993,2 Melvin Lane
PASSPORT,8327479741,Southwick,Annadiana,695569171,4663 Delaware Junction
FOREIGNER_CARD,8743223257,Worlock,Amabel,6622854432,2 Heffernan Avenue
CITIZENSHIP_CARD,9216429844,How to preserve,Lavina,6895189831,60441 Birchwood Trail
IDENTITY_CARD,3232625606,Sutty,Letty,5517041868,18 Heath Circle
PASSPORT,304361615,Molines,Mercedes,2271959497,5425 Old Gate Court
FOREIGNER_CARD,8127356395,Peche,Cobby,9231257137,7 Arrowood Plaza
CITIZENSHIP_CARD,5332743637,Enrico,Nathanil,6834772227,66742 Muir Hill
IDENTITY_CARD,6656389058,Longhorne,Christoffer,8843680854,0943 Manufacturers Place
PASSPORT,6886184644,Brooker,Greer,6904331291,30704 Sycamore Street
FOREIGNER_CARD,9976330278,Hanna,Horatio,7819670525,3687 Village Green Point
CITIZENSHIP_CARD,9756324309,Vasentsov,Leese,9582455462,6042 Harbort Circle
IDENTITY_CARD,5636596979,Krauze,Kameko,1175629995,0 Mitchell Terrace
PASSPORT,43896545,Chupin,Jillana,4697400704,4643 Memorial Street
FOREIGNER_CARD,2190157412,Swallwell,Brand,7494980482,984 Morningstar Court
CITIZENSHIP_CARD,167767232,Duffyn,Catharine,21741298,45 Boyd Place
IDENTITY_CARD,7385340679,Halshaw,Igor,1840751533,4 Mandrake Parkway
PASSPORT,1639115633,Agate,Laryssa,7228864476,16 Summer Ridge Center
FOREIGNER_CARD,2718196491,McCard,Blondell,537351981,7 Arkansas Parkway
CITIZENSHIP_CARD,4427353703,Parsall,Ambrosius,8637832407,868 Dunning Center
IDENTITY_CARD,1925625710,Pate,Madlen,4357624649,9687 Maryland Terrace
PASSPORT,2004434147,Howett,Boot,1326052632,38 Prentice Junction
FOREIGNER_CARD,3886983552,Cave,Leesa,353651184,9684 Annamark Road
CITIZENSHIP_CARD,7210676066,Grewcock,Sylvia,935357025,16 Hansons Point
IDENTITY_CARD,9510657239,Bernakiewicz,Brigid,2345137576,95416 Bellgrove Avenue
PASSPORT,3007160979,Stewartson,Aida,8092983739,1 Rowland Court
FOREIGNER_CARD,8087361520,Heaviside,Sidnee,1055262784,3 Brentwood Avenue
CITIZENSHIP_CARD,7608855363,Broseman,Sarah,5683378346,9673 Di Loreto Hill
IDENTITY_CARD,8616884998,Louche,Clementia,2849272965,130 Michigan Court
PASSPORT,3397269350,Singleton,Bonny,8256826800,4962 Moland Street
FOREIGNER_CARD,9943227532,Clemensen,Clive,233153551,47527 Prairieview Road
CITIZENSHIP_CARD,9358813784,Cooley,Lynnea,5746201790,4905 Hooker Street
IDENTITY_CARD,6858559833,Lober,Clotilda,3476262146,1741 Kenwood Alley
PASSPORT,666800650,Kerrich,Katrinka,2647597235,23280 Ridge Oak Lane
FOREIGNER_CARD,7366343277,Maxworthy,Nessy,2441995073,02603 Thackeray Parkway
CITIZENSHIP_CARD,4175199292,Crocker,Elnore,1457778130,2051 Eastwood Road
IDENTITY_CARD,4678906320,Edwick,Gale,2134232544,237 Sullivan Drive
PASSPORT,6465596512,Gosnoll,Dreddy,2588836178,3 Spenser Junction
FOREIGNER_CARD,6360774682,Dight,Cirillo,1223578798,15 Westerfield Court
CITIZENSHIP_CARD,7481060436,Vance,Agneta,6197635801,603 Kedzie Center
IDENTITY_CARD,5712414120,Sein,Andros,9390144876,42823 Eastlawn Plaza
PASSPORT,527841048,Bailess,Charleen,6900721931,02349 Northridge Parkway
FOREIGNER_CARD,2912819512,Mcall,Robb,7863649692,27734 Parkside Crossing
CITIZENSHIP_CARD,6780247448,Umbert,Lazare,1077764545,77281 Westend Center
IDENTITY_CARD,3090236052,Whichelow,Rois,5037923956,34861 Tomscot Way
PASSPORT,4709848564,Ducaen,Milicent,4572154643,44 Buena Vista Avenue
FOREIGNER_CARD,4565190575,Kassidy,Maisie,7729144166,4229 Evergreen Point
CITIZENSHIP_CARD,7241453328,Chessell,Tuesday,9030287438,036 Messerschmidt Plaza
IDENTITY_CARD,578706857,Gircke,Page,4435261367,135 American Hill
PASSPORT,6369670782,Avieson,Astrix,3605180302,688 Fisk Point
FOREIGNER_CARD,9981205958,Stoffel,Tailor,2287175342,275 Valley Edge Park
CITIZENSHIP_CARD,4685691008,Baert,Papagena,5066560718,753 Maple Lane
IDENTITY_CARD,8269167150,Morde,Fabien,3466086612,10194 Nancy Parkway
PASSPORT,258117923,Drayson,Gussy,6801551280,27975 Sunbrook Parkway
FOREIGNER_CARD,107265273,Krimmer,Lammond,9564932459,73 Johnson Circle
CITIZENSHIP_CARD,5553672767,Flecknoe,Nedda,4535547033,2503 Reindahl Pass
IDENTITY_CARD,3165799628,Maycey,Walton,4834529207,34 Sunbrook Plaza
PASSPORT,2698852682,Gyves,Issy,6256840186,1 Vera Trail
FOREIGNER_CARD,8434046105,Dedman,Gilbert,7342063525,85788 Algoma Court
CITIZENSHIP_CARD,8881647125,Kunes,Alic,3902965584,53 Carpenter Lane
IDENTITY_CARD,9076915555,Swalteridge,Willis,6369224189,165 Reindahl Plaza
PASSPORT,5693321258,Ferie,Tallia,9583965405,94528 Anthes Circle
FOREIGNER_CARD,5682639839,Hathwood,Ollie,8289820941,765 Myrtle Way
CITIZENSHIP_CARD,6235065787,Heyworth,Hurley,9411350453,7705 Monument Street
IDENTITY_CARD,9508861967,Allabush,Rosetta,7404567262,8 Dahle Road
PASSPORT,9010033937,Marder,Catriona,4399753617,4204 Springs Way
FOREIGNER_CARD,7622663166,Butterfield,Adolphe,116592281,76719 Logan Street
CITIZENSHIP_CARD,6149602516,Hemstead,Sylas,733020410,98 Logan Point
IDENTITY_CARD,1768415900,Tear,Jesse,7024450940,72463 Dovetail Crossing
PASSPORT,6049236208,Hookes,Osbourn,4235031856,7395 Daystar Plaza
FOREIGNER_CARD,7531395401,Duddell,Vin,1291496564,6935 Knutson Plaza
CITIZENSHIP_CARD,7613979202,Kersey,Zedekiah,9631633772,86582 Coolidge Place
IDENTITY_CARD,9353732093,Flockhart,Cordula,374815488,42 Fair Oaks Parkway
PASSPORT,532196449,Benedit,Hartley,6491873463,3668 Dakota Trail
FOREIGNER_CARD,429559364,Alty,Rachel,740671588,50 Golden Leaf Center
CITIZENSHIP_CARD,583386725,Epple,Bess,7584950108,47 Northland Lane
IDENTITY_CARD,610288229,Tarte,Sallyanne,675166802,509 Lighthouse Bay Way
PASSPORT,8808206564,Heeney,Janel,9928183708,5143 Union Crossing
FOREIGNER_CARD,6814570297,Bleckly,Lorrayne,6478460819,4 Lien Way
CITIZENSHIP_CARD,1968878289,Jeacocke,Tam,8292810323,3 Pawling Hill
IDENTITY_CARD,863203272,Riddlesden,Clive,2594730343,0456 Graceland Lane
PASSPORT,1975570359,Ceccoli,Darrin,4999719096,5 Waubesa Point
FOREIGNER_CARD,7701720243,Poyntz,Suzanne,6319961139,71326 Trailsway Crossing
CITIZENSHIP_CARD,1097561259,Adame,Thacher,1111512825,28260 2nd Park
IDENTITY_CARD,5777685145,Batrick,Sofie,6941176377,545 Waxwing Lane
PASSPORT,8909520655,Pratley,Heddi,8490346712,89 Nancy Parkway
FOREIGNER_CARD,824559045,Winchcomb,Claus,2890094111,71 Jana Junction
CITIZENSHIP_CARD,2609426755,Russan,Bobbee,2506881255,8 Fallview Pass
IDENTITY_CARD,1437804659,Stopforth,Diane,1398058416,137 Sage Plaza
PASSPORT,9515264650,Fevers,Dillie,490332226,9596 Ilene Hill
FOREIGNER_CARD,5605707965,Hullin,Klaus,3772850650,29591 Sauthoff Trail
CITIZENSHIP_CARD,5156970982,Pitman,Hettie,2584139499,87 Tomscot Way
IDENTITY_CARD,4472520311,Kenforth,Jolyn,7945448976,9 Maple Wood Center
PASSPORT,1653661712,Tressler,Querida,5635437478,1705 Acker Way
FOREIGNER_CARD,297460781,Brothers,Sheilakathryn,9501379485,7201 Bayside Center
CITIZENSHIP_CARD,4000198912,Krolak,Donavon,8811081033,774 American Ash Trail
IDENTITY_CARD,3211492801,Mander,Giulia,3439558002,849 Declaration Place
PASSPORT,6497592474,Ridge,Pierce,4604997772,4505 Helena Street
FOREIGNER_CARD,3468017553,Pascall,Darya,6608005466,38 Karstens Junction
CITIZENSHIP_CARD,9877526425,Cable,Nanon,1743783205,9 Rutledge Road
IDENTITY_CARD,2799171613,MacKaile,Maressa,6956523701,84 Cambridge Road
PASSPORT,8331729560,Teffrey,Deni,8359533644,7 Riverside Drive
FOREIGNER_CARD,9120896980,Rock,Emmye,9950138566,500 Meadow Vale Alley
CITIZENSHIP_CARD,7743570657,Pattullo,Sofia,1845761855,5308 Kensington Park
IDENTITY_CARD,9694643805,Diddams,Josey,7517739549,44 Spaight Way
PASSPORT,4897498511,Bedo,Chery,9019090305,90311 Elgar Pass
FOREIGNER_CARD,2982012545,Scanterbury,Morgen,4526585726,830 Vidon Way
CITIZENSHIP_CARD,89412699,Niave,Averil,4218268673,901 Mosinee Hill
IDENTITY_CARD,798019808,Hame,Vikky,2688937766,01440 Mifflin Park
PASSPORT,7445380108,Rosiello,Avis,9566856466,93256 Pearson Lane
FOREIGNER_CARD,6024908245,Prosser,Edouard,725124172,8 Summit Street
CITIZENSHIP_CARD,2836200588,Minear,Giulietta,3725659303,754 Hoard Lane
IDENTITY_CARD,9178517273,Ruffles,Nelia,3109574462,88 Dorton Circle
PASSPORT,8177364189,Domelaw,Lothario,7070480784,5648 Dorton Crossing
FOREIGNER_CARD,7073472731,Lethabridge,Barny,3569110974,5732 Aberg Road
CITIZENSHIP_CARD,3984108567,Geraud,Deva,2625198206,16 Hermina Crossing
IDENTITY_CARD,7743752437,Vinker,Celestina,114905940,1432 Eagle Crest Drive
PASSPORT,5637173133,Eyer,Abramo,1004834454,9885 Jay Drive
FOREIGNER_CARD,5653621986,Laurencot,Margeaux,6763236522,0158 Anhalt Parkway
CITIZENSHIP_CARD,8489087172,Salzen,Karil,4245790393,7 Rieder Alley
IDENTITY_CARD,9055787205,Tinsley,Jo,7558074,52461 Rutledge Plaza
PASSPORT,9114770121,Whetnell,Zondra,3833835893,4325 Sauthoff Avenue
FOREIGNER_CARD,8393978882,Muckle,Caryn,6863226154,9568 Packers Alley
CITIZENSHIP_CARD,5593459525,Lorenzo,Brenden,2891321669,37248 Butternut Junction
IDENTITY_CARD,8030596944,Jarrett,Essy,3371223442,0 Heffernan Alley
PASSPORT,7147879368,Tickle,Matteo,1309567662,57598 Brickson Park Hill
FOREIGNER_CARD,7485998854,Vanyard,Alane,6901839960,6 Stone Corner Terrace
CITIZENSHIP_CARD,415387728,Avis,Florina,5852111244,99 Sunnyside Way
IDENTITY_CARD,1412200075,Powland,Berna,2189266564,9 Cordelia Drive
PASSPORT,3296473645,Stillmann,Mei,1533767475,9554 Glendale Lane
FOREIGNER_CARD,3808336226,Burdett,Ilene,1491793902,673 Hintze Terrace
CITIZENSHIP_CARD,7557832531,Mugridge,Willyt,5949221869,88904 Melrose Drive
IDENTITY_CARD,9771808087,Fellibrand,Holli,4803918503,64 Arapahoe Park
PASSPORT,179232746,Akrigg,Isaiah,117048941,29771 Waxwing Junction
FOREIGNER_CARD,8943729170,Sprulls,Cletis,3258674388,9672 Fieldstone Pass
CITIZENSHIP_CARD,5090150273,Milbourn,Kandace,3066136191,53851 Holmberg Trail
IDENTITY_CARD,2698563117,Whiteland,Adelaide,8213970608,0 Killdeer Place
PASSPORT,5556830541,Beggi,Mandi,9278796743,66121 Fairfield Crossing
FOREIGNER_CARD,8386004762,Duinbleton,Odille,6858016147,1 Holmberg Crossing
CITIZENSHIP_CARD,8981659028,Ruggs,Lena,1319167756,79283 Maywood Circle
IDENTITY_CARD,2116882648,Gogan,Garek,5903342051,3 North Place
PASSPORT,1356876633,Allmann,Tabbie,8184349025,5 Parkside Avenue
FOREIGNER_CARD,8087051254,Riche,Norby,4850581498,53 Bobwhite Point
CITIZENSHIP_CARD,4087137724,Waterworth,Sven,6123088165,5 Shelley Hill
IDENTITY_CARD,5610619254,Havenhand,Jerrome,6366294801,727 Kensington Way
PASSPORT,2743961074,Peracco,West,508780403,614 Gina Junction
FOREIGNER_CARD,8521624468,Booij,Berne,6777040986,3 Boyd Point
CITIZENSHIP_CARD,3221707622,Mee,Vanya,2105740332,6 Barby Crossing
IDENTITY_CARD,3669665978,O'Caine,Genni,1395763941,1520 Texas Junction
PASSPORT,1606728261,Quarterman,Malvina,8896757622,903 Forest Dale Pass
FOREIGNER_CARD,1847720048,Liversley,Derick,2413340513,16495 Grover Drive
CITIZENSHIP_CARD,6110649708,Antognoni,Halli,1701641143,68 Reinke Point
IDENTITY_CARD,7284245263,Keddey,Geordie,86566040,05948 Dottie Center
PASSPORT,4138606513,Lettson,Lanita,1216034559,9 Anniversary Alley
FOREIGNER_CARD,1914855051,Ashelford,Trisha,7454035892,852 Carey Park
CITIZENSHIP_CARD,538152273,Macken,Penny,7684538586,36 Ruskin Hill
IDENTITY_CARD,9731542922,Jefferd,Englebert,4495975528,3575 Calypso Hill
PASSPORT,8652626464,Grimoldby,Allyn,8044157883,103 Thierer Road
FOREIGNER_CARD,9857460402,Pashley,Leese,3553591560,6 Monument Place
CITIZENSHIP_CARD,5737845389,Kinnar,Franciska,5460019060,19 Sycamore Trail
IDENTITY_CARD,2992176206,Wilbor,Pet,9854665194,56640 Katie Trail
PASSPORT,2340623073,Farress,Fons,5986852125,1662 Cherokee Plaza
FOREIGNER_CARD,8671935396,Winsom,Leah,2965439919,9772 Barnett Hill
CITIZENSHIP_CARD,1806360233,McGlaughn,Ward,9022905179,44 Norway Maple Plaza
IDENTITY_CARD,5162656976,Greneham,Worden,9681306821,69348 Banding Crossing
PASSPORT,9946259249,Beedle,Ileane,654497907,90417 Loeprich Alley
FOREIGNER_CARD,1129171019,Alejandri,Hope,4459509067,8 Hoard Court
CITIZENSHIP_CARD,1968650148,Closs,Mandie,9876783130,144 Kim Crossing
IDENTITY_CARD,2223125530,Moral,Wood,3490631439,129 Comanche Lane
PASSPORT,8528557243,Pennington,Gabbey,3641114713,779 Coolidge Alley
FOREIGNER_CARD,4451027144,Danielsohn,Ekaterina,8464995032,34434 Anzinger Place
CITIZENSHIP_CARD,2409814077,McGragh,Carolee,4894169010,842 Victoria Plaza
IDENTITY_CARD,4712010444,Lemin,Cash,9597571285,326 Hanson Terrace
PASSPORT,7355624768,Bruins,Griff,5773932849,455 Kipling Lane
FOREIGNER_CARD,1421844451,Fryett,Thornton,7505083538,3 Sutteridge Alley
CITIZENSHIP_CARD,1753410878,Nanuccioi,Burton,4276903394,9 Independence Hill
IDENTITY_CARD,1587964856,Piatkowski,Cesaro,9836876278,130 Northfield Drive
PASSPORT,5841743201,Aldcorne,Rosalia,2726476465,1 Nelson Pass
FOREIGNER_CARD,4637871794,Nutman,Zita,2771302608,10097 Mockingbird Avenue
CITIZENSHIP_CARD,5211862031,Goves,Tricia,9205403199,6489 Shopko Way
IDENTITY_CARD,348060696,McManus,Ernesto,7752649562,91 Melvin Way
PASSPORT,9036685567,Adamowitz,Ella,4165243817,90 8th Hill
FOREIGNER_CARD,5310761039,Hagger,Madelyn,9453335452,975 Fair Oaks Way
CITIZENSHIP_CARD,333730925,Piscopiello,Lanie,284344117,733 Summit Place
IDENTITY_CARD,6133714719,Boustred,Newton,6926023697,66 Spenser Way
PASSPORT,6159455699,Haywood,Cad,3188772432,757 Bay Circle
FOREIGNER_CARD,9084375181,Jammes,Caresse,3467472516,1 Lerdahl Crossing
CITIZENSHIP_CARD,2373829851,Singleton,Monah,8038609530,2 Little Fleur Parkway
IDENTITY_CARD,9123573546,Dive,Crissie,4424054713,4893 Oriole Trail
PASSPORT,1809158885,Lascell,Florentia,2310934984,8622 Sloan Road
FOREIGNER_CARD,2733950568,Rummin,Belita,1762239507,856 Anniversary Park
CITIZENSHIP_CARD,4967190952,Cotes,Ermin,963258109,6785 Basil Alley
IDENTITY_CARD,5768235868,Ternott,Reinhard,8321960251,83 Graceland Street
PASSPORT,1292668172,Tincey,Tomkin,535727151,19 Bowman Junction
FOREIGNER_CARD,2216441201,Bergeon,Son,9476173157,56 Ohio Avenue
CITIZENSHIP_CARD,9784017180,Kepp,Quentin,1338504452,6 Warrior Pass
IDENTITY_CARD,8047705016,Jura,Tricia,350582807,9 Blaine Center
PASSPORT,7530616587,Brunstan,Crystie,4368049411,66611 Rusk Center
FOREIGNER_CARD,8913380838,Minigo,Tommy,8562543101,38 Bonner Point
CITIZENSHIP_CARD,2989522123,Burdge,Zedekiah,5654368869,21 Beilfuss Junction
IDENTITY_CARD,3973092907,Skuse,Wanda,6617811607,27444 Oak Valley Place
PASSPORT,701986107,Foddy,Alfons,4658350475,385 Knutson Point
FOREIGNER_CARD,8492834994,Varnes,Iris,8883429699,04 Brown Plaza
CITIZENSHIP_CARD,8475066763,Adao,Noble,7523200427,4 Reindahl Avenue
IDENTITY_CARD,6457204864,Butter,Amelia,395575869,76314 Dixon Trail
PASSPORT,3914640081,Farrall,Vanni,9365344689,18 Lake View Circle
FOREIGNER_CARD,2121976493,Bladon,Patrizia,6943877712,27517 Haas Trail
CITIZENSHIP_CARD,7375569606,Plascott,Faye,1406081841,44 Lawn Crossing
IDENTITY_CARD,7958364601,Brunicke,Gabie,899828655,8763 Sherman Hill
PASSPORT,8794072876,Geydon,Neddy,4496270609,19326 Bunting Junction
FOREIGNER_CARD,8639056846,Targetter,Sylvan,2921113198,41 Warrior Court
CITIZENSHIP_CARD,3326169566,Blooman,Clemmie,2555838635,254 International Lane
IDENTITY_CARD,8746041818,Barribal,Brade,8250245644,6 Sugar Park
PASSPORT,1242741941,Colrein,Che,5936945901,988 Fuller Point
FOREIGNER_CARD,2249880085,Chantillon,Sigismund,2150897539,8323 6th Road
CITIZENSHIP_CARD,4969354499,Tuckley,Maridel,279743440,686 Spohn Point
IDENTITY_CARD,9827906577,Sherwood,Roth,4681379360,5408 Rigney Terrace
PASSPORT,523035160,Gierek,Carroll,6684937773,596 Northland Park
FOREIGNER_CARD,4651631592,Jekyll,Meridith,6950206526,6 Pleasure Alley
CITIZENSHIP_CARD,4192070189,Feely,Martelle,1130605264,5204 Charing Cross Avenue
IDENTITY_CARD,4947430192,Funcheon,Chrissie,9421307216,46 Transport Crossing
PASSPORT,7327678484,Cranch,Lavinia,3417313511,712 Rockefeller Court
FOREIGNER_CARD,6713414648,Gravener,Daphene,713495391,5 Spohn Alley
CITIZENSHIP_CARD,2566802475,McClean,Ellynn,2108740228,28 Schurz Point
IDENTITY_CARD,8204874960,Dickon,Brooks,7448712756,760 Eastlawn Lane
PASSPORT,6349203968,Murch,Lanie,1504212118,7966 Hagan Pass
FOREIGNER_CARD,6604456374,Cuthbert,Shayne,9429566369,93172 Lerdahl Avenue
CITIZENSHIP_CARD,3960700008,Ivantyev,Horatius,1410801713,9 American Ash Way
IDENTITY_CARD,91670039,Haygreen,Harald,6302870984,72 Di Loreto Point
PASSPORT,3568213478,Anthoine,Norri,1620591200,55243 Prairie Rose Trail
FOREIGNER_CARD,4445246816,Robb,Link,2578173656,5 Dunning Parkway
CITIZENSHIP_CARD,1293487082,Elphey,Feodor,6089378577,24 Prairieview Court
IDENTITY_CARD,8218601538,Vella,Rochelle,7377531517,557 Jenna Point
PASSPORT,8167655571,Mobbs,Reggy,7690199003,54506 Susan Point
FOREIGNER_CARD,4198310297,Norheny,Kacie,8127312851,5 Northfield Circle
CITIZENSHIP_CARD,2119325286,Augie,Lisabeth,8332163692,90974 Rusk Parkway
IDENTITY_CARD,7593931854,Taffe,Shelby,2788433344,94011 Upham Junction
PASSPORT,1648159311,Notti,Costanza,6588555024,28784 Fremont Trail
FOREIGNER_CARD,4566140032,Gittoes,Hermann,2683704461,5 Stone Corner Terrace
CITIZENSHIP_CARD,3911922922,Bartozzi,Richy,4796023526,9 Mayer Parkway
IDENTITY_CARD,6248100756,Pentland,Orly,3462020609,966 Bellgrove Pass
PASSPORT,2331546924,Medlar,Claudianus,5376446867,2258 Forster Circle
FOREIGNER_CARD,6060776795,Waterfall,Garnet,5511129593,9 Pine View Drive
CITIZENSHIP_CARD,7083141339,Tithecott,Matelda,2350114554,5920 Express Crossing
IDENTITY_CARD,4061031651,Beton,Mattias,7902420913,0412 Express Terrace
PASSPORT,9086096212,Muehler,Rozelle,7892741216,30 Melvin Park
FOREIGNER_CARD,1292378891,Frunks,Kenton,3585402925,11 Miller Place
CITIZENSHIP_CARD,9415973080,Boxhall,Ondrea,2712204336,16 Duke Trail
IDENTITY_CARD,7313913869,Matiebe,Goddart,1503631109,93520 North Lane
PASSPORT,2274508658,Briztman,Cad,7410473940,375 Petterle Plaza
FOREIGNER_CARD,8595363331,Brockie,Lindy,3147043576,73503 Carpenter Center
CITIZENSHIP_CARD,4959642343,Longworthy,Israel,5956042885,020 Northfield Terrace
IDENTITY_CARD,6240583510,McIlmurray,Roobbie,4766423577,4 Scofield Hill
PASSPORT,7982954723,Mapston,Dorothy,6071371104,1 Hagan Point
FOREIGNER_CARD,5231463140,Tolley,Brok,2915717621,0258 Stuart Drive
CITIZENSHIP_CARD,122051378,Chaperlin,Pooh,5479390449,43413 Superior Center
IDENTITY_CARD,8019845690,Dakhno,Mariana,5852600148,6829 Magdeline Road
PASSPORT,442119941,Stather,Ermanno,2546378333,7906 Tomscot Hill
FOREIGNER_CARD,8178021889,Liston,Jill,5965538995,8 Twin Pines Place
CITIZENSHIP_CARD,7481351686,Hulburt,Kennith,7999794724,28630 Bobwhite Pass
IDENTITY_CARD,5876151734,Thacker,Cosimo,8072082493,313 Mallard Lane
PASSPORT,1989056911,Gianettini,Gale,9827129899,0 Donald Street
FOREIGNER_CARD,1622505557,Domingues,Kearney,8729669359,1 Thompson Hill
CITIZENSHIP_CARD,2115036506,MacCahee,Trevor,8523355782,223 Pierstorff Crossing
IDENTITY_CARD,2991626046,Ivanenkov,Wendell,2138665550,878 Spaight Road
PASSPORT,1294601253,Crunkhorn,Tessa,8845654532,083 Iowa Way
FOREIGNER_CARD,4999384868,Goodnow,Elsey,2117171486,596 Barnett Circle
CITIZENSHIP_CARD,1251279589,Frail,Libbi,2601250526,7237 Browning Junction
IDENTITY_CARD,4682705040,Klawi,Normy,4355026809,9 Nancy Center
PASSPORT,9095840751,Iacobassi,Nickie,4648316991,9947 Merchant Junction
FOREIGNER_CARD,4707871712,Brideau,Dorey,8003145996,3 Summer Ridge Street
CITIZENSHIP_CARD,4572058733,Wermerling,Nalani,3887812328,6 Surrey Center
IDENTITY_CARD,5394391831,Hofner,Ruthy,8232377763,36444 Hoard Place
PASSPORT,4150727740,Rosin,Fidel,6399924936,7 Ridge Oak Trail
FOREIGNER_CARD,375521348,Stevens,Michael,6970422089,250 Graceland Street
CITIZENSHIP_CARD,6162854841,Sighart,Claudina,7132736108,087 Vahlen Drive
IDENTITY_CARD,6264457795,Lowthian,Lenee,9987041310,994 Armistice Alley
PASSPORT,4238442652,Elkington,Agnella,196986575,80 Toban Lane
FOREIGNER_CARD,956050492,De Vaar,Erinn,1402952333,2 Holy Cross Place
CITIZENSHIP_CARD,2108496831,Crady,Ansley,2678776859,27 Carpenter Terrace
IDENTITY_CARD,7694137266,Dillintone,Tito,4976978982,97 Graedel Road
PASSPORT,8763117819,Wrangle,Dorian,1018421491,647 Elmside Court
FOREIGNER_CARD,573218889,Domeney,Shae,1331778646,86 Katie Avenue
CITIZENSHIP_CARD,3256412238,McGurgan,Alaric,2683912838,994 Rusk Lane
IDENTITY_CARD,3989080016,Polgreen,Aundrea,972621814,723 Laurel Point
PASSPORT,9135659572,Ledrun,Melinda,4083412267,073 Huxley Drive
FOREIGNER_CARD,254900720,Yansons,Isidora,558003176,66929 Ilene Drive
CITIZENSHIP_CARD,8301536071,Nairns,Baxy,3875584465,6435 Emmet Junction
IDENTITY_CARD,4694774344,Safhill,Berton,1551728648,42939 Bellgrove Terrace
PASSPORT,1424017998,O'Carroll,Lucian,279742592,4 Wayridge Plaza
FOREIGNER_CARD,6217413043,Wall,Helena,7088831511,9388 Talmadge Pass
CITIZENSHIP_CARD,3152832214,Hartgill,Anatollo,7766082284,7995 Bayside Road
IDENTITY_CARD,1021131830,Edards,Emmye,8830957682,46 Mitchell Point
PASSPORT,1667206842,Hannaway,Pete,658054279,29105 Garrison Crossing
FOREIGNER_CARD,7825762134,Kern,Wang,8788426513,80 Basil Plaza
CITIZENSHIP_CARD,791721620,Neylan,Barbie,6569744437,68 Hoffman Park
IDENTITY_CARD,7390247061,Twoohy,Yvette,1551364263,897 Springs Hill
PASSPORT,2735622266,Gornal,Manolo,4036051466,9 David Alley
FOREIGNER_CARD,5377665449,Hamill,Krishnah,3687810933,0 Lotheville Parkway
CITIZENSHIP_CARD,1779748574,Bentick,Reinold,9213941099,25083 Moulton Place
IDENTITY_CARD,911620249,Bauldry,Jessie,5757360313,86 Red Cloud Drive
PASSPORT,1402506090,Denver,Jemima,9530998643,02864 Annamark Plaza
FOREIGNER_CARD,6107650342,Colston,Madge,2883198977,674 Transport Avenue
CITIZENSHIP_CARD,1856008630,Flament,Chancey,5740339065,88 Veith Point
IDENTITY_CARD,8508097492,Brownsword,Frederic,9885924922,11970 Grim Crossing
PASSPORT,759208611,Pautard,Missie,3170690523,979 Mcguire Parkway
FOREIGNER_CARD,5959834510,Brownsell,Merry,3280733111,805 La Follette Parkway
CITIZENSHIP_CARD,8555592836,Askaw,Gerda,6880331610,904 Emmet Lane
IDENTITY_CARD,1558506055,Docksey,Waite,1622003365,521 Arrowood Way
PASSPORT,2080285556,Taillard,Ardine,9763317185,499 Sloan Trail
FOREIGNER_CARD,703484931,Kaesmans,Clerissa,3910797725,658 Nobel Drive
CITIZENSHIP_CARD,7375023913,Spurling,Arleta,8252454569,583 Surrey Point
IDENTITY_CARD,1398216054,Zimmer,Troy,7090892328,70 Main Drive
PASSPORT,9360711330,Hawkridge,Eartha,9858016506,5274 Pennsylvania Point
FOREIGNER_CARD,9407643182,Johnikin,Dianemarie,7252732878,4540 West Drive
CITIZENSHIP_CARD,3544910454,Hiorn,Antonius,9328320747,4 Reinke Road
IDENTITY_CARD,4371211690,Mixworthy,Randi,3728362727,8 Eastlawn Plaza
PASSPORT,1396896554,Hastelow,Lesley,6268539079,435 Chinook Hill
FOREIGNER_CARD,8803040102,Jina,Rainer,5335007249,4218 Autumn Leaf Crossing
CITIZENSHIP_CARD,9743582142,Coumbe,Sonny,1202978851,569 Main Road
IDENTITY_CARD,4152662190,Sharman,Raffarty,82873402,2 Eastwood Road
PASSPORT,4951220482,Ringwood,Tiffanie,887601294,019 Schmedeman Junction
FOREIGNER_CARD,6076754346,Mocker,Louisette,3133184296,1 Melvin Street
CITIZENSHIP_CARD,728839091,McKerton,Fraze,4483325167,8 Buell Drive
IDENTITY_CARD,6209808506,Macoun,Antonetta,4986056387,5 Doe Crossing Circle
PASSPORT,7830177279,Georgievski,Colleen,7585130996,59569 Redwing Center
FOREIGNER_CARD,8216965788,Sancraft,Abigael,5312700339,957 Debra Pass
CITIZENSHIP_CARD,383004292,Scouse,Andi,112257372,48406 Anniversary Circle
IDENTITY_CARD,8174462392,OIlier,Bennie,2942316632,3 Declaration Circle
PASSPORT,867371587,Calbrathe,Yorgo,6094420500,31 Bashford Parkway
FOREIGNER_CARD,6002858393,Klaassens,Palmer,7356795442,88 Goodland Place
CITIZENSHIP_CARD,1920849173,Headrick,Quinn,2194973222,8 Oakridge Avenue
IDENTITY_CARD,1493516396,Trustie,Rosalinde,3125955866,5 Eggendart Plaza
PASSPORT,1253086443,Vasile,Krishna,1818982994,1 Hanover Way
FOREIGNER_CARD,6497903593,Radclyffe,Antonia,8113893776,058 Jenifer Way
CITIZENSHIP_CARD,6889373650,Arntzen,Maryjo,424618923,3 Marcy Center
IDENTITY_CARD,2178428401,Serle,Jessalyn,7297738972,5528 Colorado Way
PASSPORT,27414167,Moulsdale,Anatol,3494871868,6685 Fairview Junction
FOREIGNER_CARD,7405664687,Ayton,Inglebert,234542993,085 American Ash Junction
CITIZENSHIP_CARD,5330723752,Bernhardsson,Kevin,7757428467,94 Golden Leaf Lane
IDENTITY_CARD,5708140844,Bolger,Carney,8063891740,5 Donald Court
PASSPORT,5317957370,Unthank,Evelyn,6996060737,18 Continental Pass
FOREIGNER_CARD,8398599790,Luetkemeyers,Electra,8123291299,48 Sundown Trail
CITIZENSHIP_CARD,4356258533,Shire,Marjorie,6360951657,502 Arrowood Avenue
IDENTITY_CARD,8565669564,Liddel,Winna,5288562709,878 Hanson Point
PASSPORT,6743287806,Winkle,Karoly,1564079007,978 Stone Corner Plaza
FOREIGNER_CARD,4949213792,Iacapucci,Olive,4504021536,762 New Castle Hill
CITIZENSHIP_CARD,3859466305,Hrachovec,Lavina,659340402,0 Meadow Valley Crossing
IDENTITY_CARD,5843690210,Leisman,Mikael,1294910027,0 Blackbird Place
PASSPORT,8374289767,Lempel,Blanca,889139865,9199 Mockingbird Way
FOREIGNER_CARD,9521363525,Noyes,Ally,4857971917,6761 Dexter Junction
CITIZENSHIP_CARD,6547981398,Vennings,Horten,5876639389,78 Summit Trail
IDENTITY_CARD,4695695545,Bettenson,Jenni,7792522954,365 Morning Drive
PASSPORT,3580585126,Stobbs,Padgett,759037566,3788 Towne Circle
FOREIGNER_CARD,8577536033,Matuszynski,Ly,5715932246,3048 Elmside Point
CITIZENSHIP_CARD,3403189767,Manifold,Yvon,6348948897,326 Kensington Center
IDENTITY_CARD,1962286541,Willmett,Ethelyn,309649625,727 Myrtle Circle
PASSPORT,2576449328,Giraudeau,Bernadine,7685219484,6 North Circle
FOREIGNER_CARD,8058377910,Lemarie,Ilyssa,1538972832,05 Delaware Point
CITIZENSHIP_CARD,1527883868,Muncaster,Sherill,9524395940,0806 Marcy Pass
IDENTITY_CARD,2179615795,Cronk,Netta,7563755152,0191 Drewry Crossing
PASSPORT,7876741010,Romayn,Forbes,5581595488,72 Dryden Place
FOREIGNER_CARD,1250750601,Petyt,Shane,8435011909,77 Stuart Point
CITIZENSHIP_CARD,8296400960,Kedge,Eleni,6284136757,6543 East Terrace
IDENTITY_CARD,6077815497,Giacobilio,Noland,2885652896,521 Washington Center
PASSPORT,4997777862,Barense,Barn,8832957833,80 Alpine Road
FOREIGNER_CARD,6009462665,Adamovicz,Yolane,9399015726,1 Arizona Junction
CITIZENSHIP_CARD,2031748084,Keeri,Romona,6195035882,543 Jay Terrace
IDENTITY_CARD,1027957218,Elven,Lucretia,8606464880,79 Mitchell Hill
PASSPORT,762011874,Stollberg,Ferdy,5911252864,79010 Helena Parkway
FOREIGNER_CARD,3924791317,Boocock,Melvyn,5612137125,967 Harbort Street
CITIZENSHIP_CARD,8483462427,Benneyworth,Shanta,5114999400,194 Monica Court
IDENTITY_CARD,4793063179,Stearne,Dur,7787404205,621 Fulton Pass
PASSPORT,8722094571,Middell,Armstrong,6827114287,095 Dovetail Pass
FOREIGNER_CARD,2074244274,Belderson,Zechariah,6651678957,9 Little Fleur Alley
CITIZENSHIP_CARD,8298627172,Quade,Orlan,5997457060,88492 Gateway Pass
IDENTITY_CARD,3819431454,Alves,Lawrence,1620888696,73 Sachtjen Point
PASSPORT,4104188328,Growden,Farlay,6190958516,77 Cascade Hill
FOREIGNER_CARD,6247160267,Bayliss,Robbert,1393633625,839 Transport Junction
CITIZENSHIP_CARD,5145307942,Kimberley,Kylila,8292518126,11983 Steensland Pass
IDENTITY_CARD,7313226225,Ausello,Liam,4838005679,04946 Gina Way
PASSPORT,2122639067,Macura,Alie,2749679907,746 Forster Park
FOREIGNER_CARD,600285480,Ruffey,Elwood,8318155270,6 Macpherson Point
CITIZENSHIP_CARD,3710193044,Bridle,Ricca,3800017725,61 East Way
IDENTITY_CARD,2901562841,Whetnell,Pall,6383340948,47751 Oak Valley Way
PASSPORT,8263627060,Chichgar,Creighton,8470978640,94799 Dixon Plaza
FOREIGNER_CARD,914186221,Hugonnet,Cordelia,1683353218,1638 Mcguire Avenue
CITIZENSHIP_CARD,7015102390,Ashtonhurst,Ellis,1140008609,4230 Killdeer Crossing
IDENTITY_CARD,9741741669,Parramore,Tannie,6526102700,339 Hansons Pass
PASSPORT,8740672220,Denecamp,Shea,3554664081,12 Washington Court
FOREIGNER_CARD,7057885687,Laye,Marian,9834032501,57353 Maple Wood Parkway
CITIZENSHIP_CARD,5826775874,Hawthorne,Jemmie,8032986510,5 Dovetail Place
IDENTITY_CARD,9467095777,Jarrell,Wolfgang,3743781468,3794 Amoth Center
PASSPORT,742389367,McNutt,Dorolisa,320220028,1 Morrow Park
FOREIGNER_CARD,5228873236,Algeo,Shaylah,8579206839,72 Stoughton Lane
CITIZENSHIP_CARD,3976856789,Piele,Judas,3143944862,43 Shasta Center
IDENTITY_CARD,3732255832,Vondrys,Cesya,8882365468,35 Mcbride Park
PASSPORT,8851059896,Wallwork,Agnes,2846629021,57255 Monument Drive
FOREIGNER_CARD,7425162008,Sicha,Jorry,5214580894,279 Westport Avenue
CITIZENSHIP_CARD,7608872586,Jerrand,Collete,6570606360,561 Menomonie Terrace
IDENTITY_CARD,4279566607,Ambrosini,Mervin,6442057313,0465 Knutson Crossing
PASSPORT,3674649411,Naul,Jule,1890629308,559 Holy Cross Lane
FOREIGNER_CARD,2979534021,Tuddenham,Ruben,9126973022,2 Straubel Trail
CITIZENSHIP_CARD,9173481475,Byne,Barbie,4690394156,8 Lawn Avenue
IDENTITY_CARD,1671704444,Headland,Alaric,591045273,733 Laurel Pass
PASSPORT,5544625573,Donnersberg,Phylys,354338331,12 Service Place
FOREIGNER_CARD,6904202491,Jaffray,Langston,6935175119,99163 Dexter Drive
CITIZENSHIP_CARD,955619866,Skeen,Kent,256938636,4 Donald Pass
IDENTITY_CARD,7331532723,Kunz,Art,4773347600,5284 Milwaukee Lane
PASSPORT,9871454597,Cringle,Windy,7405939554,65 Clemons Center
FOREIGNER_CARD,4884432665,Blomefield,Guthrie,4650481139,690 Rieder Hill
CITIZENSHIP_CARD,3091793877,Bartlomiej,Clerkclaude,810305437,7 Hagan Parkway
IDENTITY_CARD,1702414485,Epdell,Mayne,7001284750,5094 Montana Parkway
PASSPORT,5205267216,Scarborough,Stern,8227762395,58 Scofield Way
FOREIGNER_CARD,8015337933,Mattessen,Darda,8796144157,0904 Upham Hill
CITIZENSHIP_CARD,9827007793,Durnell,Reinald,31496423,7 Reinke Pass
IDENTITY_CARD,6438906654,Heaysman,Hobard,4266800088,08 Carey Lane
PASSPORT,1125915307,Davys,Elli,6053838896,27 Manufacturers Terrace
FOREIGNER_CARD,1683043189,Bulcroft,Annaliese,5702721519,5 Dixon Street
CITIZENSHIP_CARD,5444110725,Gale,Kareem,7690355501,67 Helena Center
IDENTITY_CARD,3623155446,Bockin,Demetria,4454783810,118 Chive Crossing
PASSPORT,8832116790,Heskins,Rycca,6908191036,14505 Carioca Drive
FOREIGNER_CARD,9657434262,Dyster,Bondon,1540177041,63 East Point
CITIZENSHIP_CARD,7438857018,Swainger,Marta,6201618627,38426 Hintze Trail
IDENTITY_CARD,1040779190,Ivamy,Waite,7218168256,07 Pleasure Road
PASSPORT,7013689386,Biles,Esteban,6175255526,05084 Meadow Ridge Way
FOREIGNER_CARD,5982523089,Stratford,Vidovic,1128092085,296 Pierstorff Junction
CITIZENSHIP_CARD,3131534729,Norssister,Connie,7075732897,1957 Northridge Avenue
IDENTITY_CARD,1345173830,Garnham,Jarid,7061920971,52 Sundown Junction
PASSPORT,9843545176,Authers,Ninon,1699977070,53609 Forest Crossing
FOREIGNER_CARD,9357595651,Pearcehouse,Cello,3832326219,46 Hagan Junction
CITIZENSHIP_CARD,4565503352,Pilger,Augustus,2677319594,5879 Transport Center
IDENTITY_CARD,576077305,Brierly,Norby,6528564914,477 Melrose Plaza
PASSPORT,2512418480,Dawidsohn,Brianna,4223181971,47 Hintze Hill
FOREIGNER_CARD,7718577694,Philip,Barrie,2046962141,8672 Bluejay Road
CITIZENSHIP_CARD,891142592,Fallanche,Rogerio,7439229029,8 Hintze Way
IDENTITY_CARD,9613144404,Winman,Mannie,2233069048,9540 Iowa Plaza
PASSPORT,4091358187,Drew,Ciel,7842684472,6 Goodland Avenue
FOREIGNER_CARD,7719756053,Yacob,Jacquetta,2683460910,7 West Lane
CITIZENSHIP_CARD,6563090311,Bennedick,Nara,7647520067,0 Lakewood Gardens Pass
IDENTITY_CARD,1272488721,Kunat,Kacey,1225229006,786 Mcguire Trail
PASSPORT,2176903099,Rigden,Megan,7169861135,748 Garrison Point
FOREIGNER_CARD,6587197086,Fisbey,Thebault,9598730492,93586 Summerview Street
CITIZENSHIP_CARD,971330123,Gostyke,Norry,742238768,7 Melvin Road
IDENTITY_CARD,6749476368,Boncoeur,Farah,3939403326,662 Graedel Plaza
PASSPORT,4327981796,Cowlas,Robena,5783613088,351 Crest Line Trail
FOREIGNER_CARD,2278257145,Lorey,Tersina,9176477703,6747 Mayer Hill
CITIZENSHIP_CARD,8638852592,Tetford,Trace,4000803212,631 Transport Terrace
IDENTITY_CARD,566200554,Wraighte,Lynda,9631313395,863 John Wall Place
PASSPORT,3640770013,Dickey,Florance,6784449134,6551 Bunker Hill Trail
FOREIGNER_CARD,5423790204,Frazer,Leora,6901446012,576 Forster Street
CITIZENSHIP_CARD,9622479685,Eicheler,Minnnie,5760532405,202 Emmet Way
IDENTITY_CARD,5547026360,Cremins,Almeda,2900295009,605 Westridge Trail
PASSPORT,36594989,Poore,Emanuel,3550375042,05 Summerview Court
FOREIGNER_CARD,2402982063,Himpson,Neddy,780441982,98 Vermont Hill
CITIZENSHIP_CARD,8035611550,Regglar,Ashton,9870843662,3530 Golden Leaf Place
IDENTITY_CARD,4991147816,Myrie,Erminie,9645511283,14 Dovetail Road
PASSPORT,6205521563,McAmish,Mohammed,542809648,5964 Harper Street
FOREIGNER_CARD,6455149807,Titheridge,Noell,263792560,4 Cody Street
CITIZENSHIP_CARD,2954528540,Hubbard,Jennine,1394370016,55767 Scott Trail
IDENTITY_CARD,1291103589,Drain,Maribelle,883329778,39 Tony Parkway
PASSPORT,5622678579,Barock,Veronica,9515877806,7817 North Lane
FOREIGNER_CARD,8695532895,Jozefowicz,Angus,4280102104,4 Katie Place
CITIZENSHIP_CARD,1418794562,Danbury,Dex,6445591655,219 Leroy Court
IDENTITY_CARD,3936325359,Bing,Lawry,4011154105,632 Drewry Junction
PASSPORT,3472313609,Ferretti,Consalve,3282944497,949 Eastwood Alley
FOREIGNER_CARD,6727301174,Bayston,Alaster,9546540374,7991 Roth Way
CITIZENSHIP_CARD,2688534858,Gounot,Gertrudis,6656775632,7321 Lukken Center
IDENTITY_CARD,8096882996,Grayland,Arni,2317430477,28748 Warrior Lane
PASSPORT,4735710442,Cuffe,Luciana,6100353911,6529 Rieder Plaza
FOREIGNER_CARD,8573577819,Hindmore,Hasheem,3340887829,62365 Dovetail Way
CITIZENSHIP_CARD,2334757691,Utting,Ive,3837690849,8276 Talisman Parkway
IDENTITY_CARD,8935783633,Pilbeam,Vaughn,882706772,9 Gina Street
PASSPORT,2195504196,Senechell,Tonia,6347570009,72634 Portage Circle
FOREIGNER_CARD,328216267,Eilhermann,Matthieu,1075965934,85 Fordem Crossing
CITIZENSHIP_CARD,8070323132,Bunson,Sara-ann,9830062848,9 Jana Drive
IDENTITY_CARD,1824160100,Muzzullo,Clare,855440007,623 Dawn Parkway
PASSPORT,8853822120,Scuse,Mozes,2256018741,51902 Sunbrook Place
FOREIGNER_CARD,4774710768,Meo,Lavena,6413960922,08315 Blue Bill Park Alley
CITIZENSHIP_CARD,3139874472,Rizzillo,Purcell,4047344958,85815 Elgar Circle
IDENTITY_CARD,8151869240,MacNally,Vikky,7409760133,16 Paget Park
PASSPORT,3284228276,Barratt,Mile,81685823,49 Caliangt Way
FOREIGNER_CARD,3388327696,Ghest,Cyndia,1547321172,430 North Park
CITIZENSHIP_CARD,3370781344,Melendez,Jacklin,2129233791,32 Vermont Plaza
IDENTITY_CARD,3273674202,Huntall,Wandie,6876792196,33163 John Wall Point
PASSPORT,4126968954,Lucock,Barbara,5804649442,749 Ludington Trail
FOREIGNER_CARD,6371959670,Pead,Blinni,4528917394,65052 Maple Wood Point
CITIZENSHIP_CARD,6335894335,Vogl,Lulu,7154983124,54020 Arkansas Hill
IDENTITY_CARD,2600712933,Sewall,Wrennie,5613800278,103 Lerdahl Avenue
PASSPORT,3082948618,Brunt,Clemmy,2588476201,96 Gale Plaza
FOREIGNER_CARD,8905706452,Brettelle,Farica,6413928298,133 Mallard Trail
CITIZENSHIP_CARD,3947993668,Aust,Parry,5758586374,52891 Anthes Lane
IDENTITY_CARD,5549681277,O'Rourke,Esmeralda,2181096805,52 Ilene Point
PASSPORT,9957372092,Rhoades,Noach,4273518392,58 Golden Leaf Junction
FOREIGNER_CARD,7759966997,McGarahan,Dennet,7712928533,375 Stone Corner Drive
CITIZENSHIP_CARD,8374058404,Hiorn,Marta,7936089837,5575 Rusk Place
IDENTITY_CARD,8347012407,Gormally,Jocelyn,4314889470,45 Kim Lane
PASSPORT,813647886,Feare,Gianni,4285714515,8947 Ronald Regan Plaza
FOREIGNER_CARD,9163601907,Winslett,Diena,3946073174,7 Hanover Way
CITIZENSHIP_CARD,790113651,Wooles,Polly,4187167986,1260 Blue Bill Park Road
IDENTITY_CARD,4056834288,Deluce,Glynda,3261841761,5 Loomis Parkway
PASSPORT,9494360605,Frarey,Nichole,6760541022,2 Sullivan Drive
FOREIGNER_CARD,7621472898,McIlharga,Richmound,6910964691,33143 Manufacturers Center
CITIZENSHIP_CARD,150269641,Giovani,Hatty,2921766574,488 Burrows Court
IDENTITY_CARD,1409183157,Urwin,Georgine,9817555038,720 Fisk Way
PASSPORT,3416181204,Eastman,Aidan,701519495,05 Rusk Drive
FOREIGNER_CARD,6803432165,Lobley,Alden,6110452106,6 Manitowish Center
CITIZENSHIP_CARD,4815390614,Piccop,Renell,6291254026,792 Northfield Street
IDENTITY_CARD,2002594740,Garrettson,Binny,1652808906,3638 Del Sol Trail
PASSPORT,6523309800,Boyford,Raviv,8390457768,9 Victoria Avenue
FOREIGNER_CARD,8847844967,Landon,Nissie,752718762,5 Graedel Pass
CITIZENSHIP_CARD,7659078755,Rickman,Archibaldo,202164047,52 Knutson Plaza
IDENTITY_CARD,355496801,Shewan,Jorie,1907510206,5 Anhalt Hill
PASSPORT,7035737979,Reynoldson,Linoel,9124421618,828 Cambridge Pass
FOREIGNER_CARD,8297418278,Treeby,Shauna,7739283622,9705 Arizona Parkway
CITIZENSHIP_CARD,8876777857,Whittlesey,Herold,3317665645,3 Doe Crossing Park
IDENTITY_CARD,4508624758,Biggerdike,Ely,6109303895,49 Clemons Crossing
PASSPORT,6095537762,Bennoe,Connie,6881362609,16 Larry Pass
FOREIGNER_CARD,1022785753,Farmar,Giraldo,6152734517,4444 Starling Avenue
CITIZENSHIP_CARD,631375414,Thewless,Barnie,8141762680,0 Waubesa Terrace
IDENTITY_CARD,3480744001,Traves,Mollee,9641222686,8867 Florence Drive
PASSPORT,2303198585,Greenig,Wallace,6120475125,7 Rusk Plaza
FOREIGNER_CARD,1891368052,Sherston,Almira,6088744871,31830 Warner Trail
CITIZENSHIP_CARD,9983879557,Abercromby,Othella,6024816790,682 Old Gate Point
IDENTITY_CARD,5670264150,Whordley,Nickolai,4034541172,6 Anzinger Junction
PASSPORT,6995159594,Godon,Guillema,1460450558,37820 Del Sol Avenue
FOREIGNER_CARD,497941414,Huggins,Adda,6307659084,130 Sundown Drive
CITIZENSHIP_CARD,9188145999,Annets,Abigale,6573550625,994 Sycamore Terrace
IDENTITY_CARD,4950374915,Kincaid,Christyna,3343722847,55 Ludington Court
PASSPORT,1199358568,Tritten,Karissa,9040575835,05556 Graedel Road
FOREIGNER_CARD,2194257497,MacKenzie,Elisabeth,8488793634,46814 Anniversary Circle
CITIZENSHIP_CARD,8791267838,Cutbirth,Susy,933608519,1 Sachtjen Street
IDENTITY_CARD,3002884294,Dwire,Bronson,155066412,835 Doe Crossing Plaza
PASSPORT,467427062,Muff,Vidovik,6440984829,2 Hintze Junction
FOREIGNER_CARD,6948612563,Poulsom,Idalia,1816034924,7 Sommers Alley
CITIZENSHIP_CARD,947743758,Arnaudin,Halie,5862680217,98 Elka Hill
IDENTITY_CARD,7632527672,Frankish,Myra,3435531282,8 Grim Trail
PASSPORT,9885699171,Croisdall,Urbanus,9052666830,89943 Kedzie Lane
FOREIGNER_CARD,9593719164,Hosburn,Tabb,2733342886,9017 Miller Point
CITIZENSHIP_CARD,4976627756,Rawcliff,Patten,5160444602,082 Columbus Road
IDENTITY_CARD,1383473803,Reffe,Maude,595689582,35205 Johnson Lane
PASSPORT,7302456852,Skea,Krishnah,5688450673,2892 Buena Vista Place
FOREIGNER_CARD,5112714670,Ginie,Randi,8357842305,88889 Brown Trail
CITIZENSHIP_CARD,4938772094,O'Scollee,Reiko,1118197763,85 Morningstar Parkway
IDENTITY_CARD,8772991844,Probets,Huntington,4246423696,696 Mesta Pass
PASSPORT,7924112715,Lyptrade,Trevar,1494264633,45 Summer Ridge Crossing
FOREIGNER_CARD,7656156747,Harm,Thalia,4638938493,166 Lerdahl Drive
CITIZENSHIP_CARD,1079463194,Clevely,Filbert,8743341330,0 Almo Terrace
IDENTITY_CARD,1671559525,Belk,Noell,7849654153,4 Arrowood Way
PASSPORT,1182354238,Ellor,Collin,5774905764,1297 Debs Avenue
FOREIGNER_CARD,2141961289,Wyles,Kally,4823259491,958 Carpenter Plaza
CITIZENSHIP_CARD,3253365360,D'Emanuele,Martyn,5609834449,9 Evergreen Parkway
IDENTITY_CARD,4444692197,Gifkins,Shaun,9822520921,99 Farmco Center
PASSPORT,444075372,Keasley,Virginie,1240128681,0962 Del Mar Park
FOREIGNER_CARD,8245575224,Beccero,Gaspar,6497927883,0 Harbort Circle
CITIZENSHIP_CARD,7555094479,Biskupski,Andreana,7368381095,0902 Michigan Court
IDENTITY_CARD,6698127663,Degg,Carny,4295776025,65 Lillian Lane
PASSPORT,9941957479,Jahnel,Desi,550437096,78206 Parkside Hill
FOREIGNER_CARD,6528318425,Rowter,Orland,7036860618,69 Miller Point
CITIZENSHIP_CARD,6041970212,Perazzo,Patrice,6351957079,92289 Arizona Lane
IDENTITY_CARD,5878999439,Sidworth,Farica,2769300865,287 Lunder Court
PASSPORT,9752527469,Arondel,Agnes,4335968779,9162 Macpherson Pass
FOREIGNER_CARD,6211984642,Elster,Kimmie,6241445286,8 Reindahl Circle
CITIZENSHIP_CARD,5807972554,Scarasbrick,Manya,8108958695,4189 Sunnyside Junction
IDENTITY_CARD,4457469297,Stoodale,Svend,4551143413,11407 Lukken Crossing
PASSPORT,8073186926,Fransson,Georgi,8067546568,7 Ilene Lane
FOREIGNER_CARD,2813389595,Cattle,Wilma,5008540998,64 Linden Point
CITIZENSHIP_CARD,7693554416,Lowden,Brok,4516962756,93 Village Green Parkway
IDENTITY_CARD,5573807803,Olland,Ced,9314941019,70 Eagan Park
PASSPORT,554653753,Batte,Tracy,1559336277,722 Independence Street
FOREIGNER_CARD,4001197669,Corris,Audry,9640375314,39419 Forster Crossing
CITIZENSHIP_CARD,816994498,Bolzen,Cal,7539326751,30 Ludington Park
IDENTITY_CARD,5734772119,Carrack,Daffy,2121710884,74 Pearson Trail
PASSPORT,3542182192,Eloy,Clarissa,6655972094,66252 Tennyson Pass
FOREIGNER_CARD,7364107975,Allonby,Parsifal,4044851417,930 Atwood Plaza
CITIZENSHIP_CARD,5330472091,Leger,Harlin,3628464404,53181 Fuller Road
IDENTITY_CARD,291690831,MacCroary,Johannes,7984398682,0659 Manitowish Hill
PASSPORT,7131698873,Pawlett,Hephzibah,1709934646,07958 Stone Corner Court
FOREIGNER_CARD,4281982787,Bartali,Rachele,1791108520,28891 Sunbrook Trail
CITIZENSHIP_CARD,5178783271,Doeg,Betteann,285056557,52 Di Loreto Plaza
IDENTITY_CARD,3123523195,Birtwell,Helaine,1484187717,6 Elmside Terrace
PASSPORT,3868958908,Bumpass,Shanta,2036793630,345 Marquette Crossing
FOREIGNER_CARD,1203287488,Critchlow,Waylen,3029483614,1563 Debs Circle
CITIZENSHIP_CARD,6336425061,Knappe,Lenora,9534263702,07569 Farragut Avenue
IDENTITY_CARD,369122461,Tyrrell,Sharyl,5965494378,2 Waubesa Point
PASSPORT,3305791489,Buswell,Dietrich,5109580421,789 Almo Pass
FOREIGNER_CARD,298144514,Maddie,Faustine,1977041906,3624 Victoria Trail
CITIZENSHIP_CARD,9397843370,Le Blond,Mordy,3484874341,7932 Hanover Way
IDENTITY_CARD,3970640393,Mabbe,Arabela,3063310255,83 Corscot Lane
PASSPORT,4572676488,Buckmaster,Stanfield,9333504125,84158 Bluestem Center
FOREIGNER_CARD,3090805308,Coolbear,Derry,7560364934,432 Maywood Terrace
CITIZENSHIP_CARD,8439744676,Chappelle,Liza,1757421645,193 Bartillon Plaza
IDENTITY_CARD,3816636446,Bason,Celeste,8101015515,8 Tomscot Park
PASSPORT,6156212701,Beed,Lesley,7750163514,53997 Burrows Road
FOREIGNER_CARD,1203399154,Thowes,Tova,5487552118,5 Mendota Court
CITIZENSHIP_CARD,6145637331,Sidsaff,Gloriana,6324983765,4811 Marquette Place
IDENTITY_CARD,4693998036,Cavilla,Archibald,3044312825,1009 Summit Pass
PASSPORT,6621997752,Cavell,Archer,8970268839,9 Pierstorff Place
FOREIGNER_CARD,8988271114,Sturgeon,Mill,1573218944,69 Kropf Place
CITIZENSHIP_CARD,7645521031,Tollfree,Shelden,4001596768,7 Maywood Parkway
IDENTITY_CARD,515101672,Lamort,Otho,8837614144,8061 Manitowish Junction
PASSPORT,8335495270,Rhule,Sharla,973472847,2390 Susan Point
FOREIGNER_CARD,6265994395,Upfold,Kele,5288019363,76475 Michigan Center
CITIZENSHIP_CARD,2065314117,Sirmon,Bryan,5351672723,3 Corscot Park
IDENTITY_CARD,749799927,Skellington,Birdie,7530272683,3918 Corscot Point
PASSPORT,1717429165,Jozef,Jehanna,707606195,4244 Bonner Lane
FOREIGNER_CARD,9288610618,Skahill,Keenan,7597973802,12662 Bellgrove Trail
CITIZENSHIP_CARD,2488256889,Skeats,Cornell,2311915827,11 Moulton Parkway
IDENTITY_CARD,5821865832,Fosken,Jefferey,5231370541,40830 Hoard Place
PASSPORT,1359245073,Williment,Brod,4255739900,7 Dwight Pass
FOREIGNER_CARD,8444678473,O'Feeny,Giffard,5900920356,73746 Fuller Junction
CITIZENSHIP_CARD,94623082,Beavers,Ruthi,8839910514,1 Swallow Circle
IDENTITY_CARD,8778177642,Swepstone,Clifford,5653843261,23427 Glacier Hill Terrace
PASSPORT,4517641384,Cranny,Golda,7094759878,4 Sachs Avenue
FOREIGNER_CARD,1810519233,Cawthera,Maximilian,6139178118,2321 Cascade Center
CITIZENSHIP_CARD,7873107175,Eate,Marilin,4035955744,56857 North Road
IDENTITY_CARD,7932518776,Morkham,Tommie,2656853176,3423 Barnett Crossing
PASSPORT,4915432173,Seago,Benton,3005861309,6658 Leroy Drive
FOREIGNER_CARD,4789941523,Brandle,Curr,2110112565,180 Ruskin Avenue
CITIZENSHIP_CARD,7000059427,Artist,Meredith,9948634934,81306 Ryan Crossing
IDENTITY_CARD,6138789180,Khosa,Christie,5125560324,52 Meadow Ridge Alley
PASSPORT,5699879978,Ritchman,Taite,5257939711,1 Lindbergh Center
FOREIGNER_CARD,5969642894,Benoi,Tommi,6917604747,50769 Bultman Point
CITIZENSHIP_CARD,2412232679,Druhan,Lezley,3635191590,7977 Loftsgordon Trail
IDENTITY_CARD,8258546139,Waggitt,Monica,7813496884,31605 Blaine Hill
PASSPORT,8087797434,Lewin,Dirk,6695007659,74 Nova Point
FOREIGNER_CARD,6350795091,Stott,Chick,4260264370,12 Sugar Lane
CITIZENSHIP_CARD,6501601983,Dahlberg,Averyl,7912497668,37 Sage Street
IDENTITY_CARD,4582369286,Chatburn,Misti,722685769,18368 Sutteridge Plaza
PASSPORT,4932537379,Zimek,Thedrick,2368348654,07 Tennyson Place
FOREIGNER_CARD,3437892169,Aspinall,Sadye,2623790922,05823 Drewry Crossing
CITIZENSHIP_CARD,6617092163,Sannes,Delia,7167429392,53 Sloan Way
IDENTITY_CARD,5425226780,Carp,Adel,2120133409,38097 Farragut Parkway
PASSPORT,7276213544,Dockrill,Fiorenze,9778169446,2319 Fordem Center
FOREIGNER_CARD,2883080976,Fayter,Adriena,2299020780,99 Mariners Cove Crossing
CITIZENSHIP_CARD,5967705155,Kilgannon,Isaak,4738795945,607 Hanson Parkway
IDENTITY_CARD,1889561479,Geering,Robin,1223453413,08245 Sutherland Hill
PASSPORT,5956867825,Villiers,Silvain,8204766351,370 Stone Corner Junction
FOREIGNER_CARD,6820220200,Van Hesteren,Helenelizabeth,8991645542,19948 Anderson Junction
CITIZENSHIP_CARD,3695100540,Yurmanovev,Libbey,3869037563,5868 Lien Circle
IDENTITY_CARD,2227844078,Smiz,Jerrine,7324611079,29 7th Way
PASSPORT,2093479060,Cheel,Augustine,2792484373,975 Maple Wood Court
FOREIGNER_CARD,2850796069,Boken,Reggy,927225700,61498 Hansons Street
CITIZENSHIP_CARD,8665238778,Tomasini,Zsa zsa,678527903,40 Tony Way
IDENTITY_CARD,2524401510,Geary,Brina,7279107966,8 Village Green Terrace
PASSPORT,4091935761,Kirwin,Colene,4993037953,96 Raven Way
FOREIGNER_CARD,8914349403,Skillicorn,Cobbie,9348152971,238 Schmedeman Terrace
CITIZENSHIP_CARD,537992359,Sibun,Dinny,7628106803,79357 Grasskamp Court
IDENTITY_CARD,5311364858,Tufts,Oriana,7324320910,29 Glacier Hill Way
PASSPORT,2622722273,Trethewey,Alexei,7372906474,47 Oneill Street
FOREIGNER_CARD,3567850156,Hintze,Orlando,6194389532,62394 Kennedy Court
CITIZENSHIP_CARD,2072683963,Anfosso,Francois,7725420525,4 Orin Junction
IDENTITY_CARD,9838580783,Di Giacomo,Verla,2508216399,09 Fulton Pass
PASSPORT,9030065869,Lassell,Trescha,9739453945,52776 Dryden Road
FOREIGNER_CARD,3785405804,O'Neary,Ruy,7417177379,5431 Acker Way
CITIZENSHIP_CARD,9820534003,Dean,Tirrell,6942604461,23164 Northwestern Drive
IDENTITY_CARD,6191498136,Menghi,Sib,5259235436,5 Bay Hill
PASSPORT,1874887837,Epton,Delmar,704484498,2 Florence Hill
FOREIGNER_CARD,4667308591,Klyn,Donnell,5014108393,1861 Mendota Center
CITIZENSHIP_CARD,9473125097,Garnsworthy,Loleta,6495653840,76 Lerdahl Lane
IDENTITY_CARD,8750282786,Veillard,Claire,9501017265,05403 Mariners Cove Alley
PASSPORT,358431158,Claire,Erick,753513757,69549 Vernon Junction
FOREIGNER_CARD,8099848187,Hammatt,Thurstan,9347374792,07 West Road
CITIZENSHIP_CARD,6989258349,MacKaig,Whitney,4238762665,35980 Tennyson Way
IDENTITY_CARD,3032449243,Palia,Lewes,3782820649,8 Beilfuss Lane
PASSPORT,4420751894,Heavy,Eb,3942549964,925 Canary Lane
FOREIGNER_CARD,8306769201,Mayston,Lyndsie,42905869,61 Vahlen Hill
CITIZENSHIP_CARD,6167996806,Udy,Merline,8112230595,52852 Northview Trail
IDENTITY_CARD,596720130,Deller,Quintana,6177678394,718 Cardinal Road
PASSPORT,8496657612,Beauvais,Merola,1386639303,6 Everett Center
FOREIGNER_CARD,3909502288,Sporner,Gregor,2741388768,9858 Pearson Alley
CITIZENSHIP_CARD,4029919774,Brettel,Ruby,366623354,37554 Heffernan Center
IDENTITY_CARD,5191055969,McCaster,Gunar,6223152132,9 Sutherland Trail
PASSPORT,6412832327,Meiklam,Agna,1691544124,421 Barby Park
FOREIGNER_CARD,2563270332,Letchmore,Josh,4662126754,67973 Red Cloud Drive
CITIZENSHIP_CARD,1040254918,Lockey,Verney,501961771,5 Warbler Court
IDENTITY_CARD,3804739490,Gerrie,Torrance,1242978135,91657 Messerschmidt Point
PASSPORT,7807284595,Cahn,Alberta,6627758334,841 Tomscot Alley
FOREIGNER_CARD,7879381473,Sweetmore,Giana,3448861928,298 Pearson Court
CITIZENSHIP_CARD,689574614,Beeston,Erv,4603819129,541 Westend Trail
IDENTITY_CARD,8148153736,Couper,Jaye,1738469174,9 Fremont Point
PASSPORT,4387365994,Orwin,Faun,7815165524,0164 Mesta Crossing
FOREIGNER_CARD,787091111,Butts,Gayle,3071598688,4 Carey Circle
CITIZENSHIP_CARD,5224181542,Gallaway,Abdul,9534292699,329 Claremont Lane
IDENTITY_CARD,5749468402,Davidde,Joelie,2928211667,01305 Claremont Avenue
PASSPORT,3196636151,Popworth,Karly,9854892689,39273 Vahlen Park
FOREIGNER_CARD,1169420109,Pendrich,Ignacius,6914496722,047 Holy Cross Place
CITIZENSHIP_CARD,5154819683,Dubois,Sonja,2468757300,1 Elmside Pass
IDENTITY_CARD,5107490883,Cherryman,Stephen,7953694603,90 Meadow Valley Trail
PASSPORT,716164663,Asplin,Mick,2263831576,960 Brickson Park Street
FOREIGNER_CARD,4185424175,Geydon,Sheba,4314679247,314 Scoville Crossing
CITIZENSHIP_CARD,5585512803,Snowsill,Moyra,3127289375,629 Ludington Court
IDENTITY_CARD,9249475284,Kurt,Farrell,8609905411,67 Dexter Point
PASSPORT,2121917160,Sartain,Winslow,1876923504,3049 Golf Way
FOREIGNER_CARD,5251802617,MacNamee,Josy,7070245653,75158 American Ash Alley
CITIZENSHIP_CARD,9361691945,Tonkes,Ricky,7681247386,94080 Towne Avenue
IDENTITY_CARD,7984076731,Ivashov,Elmira,5956654694,1 Steensland Trail
PASSPORT,9790166559,Renvoise,Christian,8525537241,7421 Old Shore Trail
FOREIGNER_CARD,9140212572,Mintrim,Jimmie,5557651993,7 Dakota Center
CITIZENSHIP_CARD,7368932768,Parrett,Saloma,7773764514,58800 Sachtjen Hill
IDENTITY_CARD,192178016,Scay,Gibbie,6518396334,822 Old Shore Street
PASSPORT,8514109111,Draysay,Garik,5249153224,5259 Petterle Hill
FOREIGNER_CARD,9274301642,Rosenbush,Beatrice,4967995403,2529 Elmside Hill
CITIZENSHIP_CARD,2908775654,Gallimore,Inigo,8514943278,15194 Memorial Park
IDENTITY_CARD,8177884034,Ramage,Micaela,1015619509,39 Gerald Road
PASSPORT,8785226580,Shortall,Arnoldo,1175613975,77451 Sage Terrace
FOREIGNER_CARD,2327201896,Howbrook,Lindon,1036814815,8174 Red Cloud Park
CITIZENSHIP_CARD,2461388296,Sutty,Veda,911691669,36 Pine View Road
IDENTITY_CARD,4226540859,Kearley,Enrique,1379741475,95408 Summit Avenue
PASSPORT,5964396380,Roddick,Janessa,8335082413,72 Dorton Way
FOREIGNER_CARD,8814607605,Thormann,Rosabel,6804786408,8 Bellgrove Road
CITIZENSHIP_CARD,6666915143,Castelletto,Rabi,6646382611,31 Melvin Center
IDENTITY_CARD,4172510442,Ever,Valry,5122529701,3 Macpherson Place
PASSPORT,8675475462,Oxenden,Gaylene,7797052999,155 Transport Circle
FOREIGNER_CARD,6565838380,Seater,Bab,5292875538,51 Dottie Way
CITIZENSHIP_CARD,7530838547,Kerfod,Malinde,9188963861,4710 Jackson Alley
IDENTITY_CARD,6359740737,Astles,Isidro,210101709,17 Hollow Ridge Place
PASSPORT,603152015,Antowski,Eadie,3589860375,396 Lotheville Drive
FOREIGNER_CARD,936943912,Redbourn,Tynan,9678775093,46200 Little Fleur Drive
CITIZENSHIP_CARD,4482888249,McBlain,Stephen,3090156032,0 Maywood Point
IDENTITY_CARD,4608116584,Walford,Blake,8948043161,92167 Union Plaza
PASSPORT,2358158216,Lownie,Chadwick,1138368768,2 Schlimgen Crossing
FOREIGNER_CARD,1279385510,Deesly,Traver,1794420967,4291 Melody Point
CITIZENSHIP_CARD,7016498794,Lissett,Emalee,7626260457,36 6th Terrace
IDENTITY_CARD,3149730686,Chartres,Lillis,9362314738,05 Crescent Oaks Lane
PASSPORT,6869429340,Yardley,Burnard,270559477,114 Rockefeller Court
FOREIGNER_CARD,9241218630,Mundie,Cornell,3803849454,13096 Raven Street
CITIZENSHIP_CARD,9273193234,MacDiarmond,Coop,4119655261,46 Rockefeller Drive
IDENTITY_CARD,4207673156,Elphee,Gauthier,6958454146,49 Pennsylvania Drive
PASSPORT,4255272212,Warret,Illa,2928995587,80437 Helena Lane
FOREIGNER_CARD,8260813564,Ackeroyd,Wake,495932612,01 Riverside Parkway
CITIZENSHIP_CARD,6533445650,Ayscough,Gualterio,8691040912,71 Drewry Circle
IDENTITY_CARD,9350745224,Brownbill,Cathleen,2257293347,3 Ryan Court
PASSPORT,6053590347,Gerger,Phip,1766089925,952 Springview Drive
FOREIGNER_CARD,1293360244,Corney,Irma,5373795801,8360 Cambridge Point
CITIZENSHIP_CARD,6739523851,Bradane,Terrill,5548140280,03204 Basil Place
IDENTITY_CARD,9092745847,Macrow,Chryste,3826201035,8099 Service Place
PASSPORT,9502609069,Warton,Deva,4034787937,76 Bultman Crossing
FOREIGNER_CARD,587089555,Palluschek,Fidel,9121038740,3334 3rd Court
CITIZENSHIP_CARD,9564751489,Sneath,Annmaria,9554702205,414 Redwing Alley
IDENTITY_CARD,3237029114,Seawell,Rania,5681350061,765 Dawn Junction
PASSPORT,1761753827,McDill,Reilly,7266761522,1 Magdeline Point
FOREIGNER_CARD,2883524491,Smallridge,Nelli,1521923884,2 Claremont Hill
CITIZENSHIP_CARD,907548164,Doberer,Jaine,7320660466,7802 6th Hill
IDENTITY_CARD,9133886679,Byre,Crosby,2993632108,857 Cambridge Pass
PASSPORT,6586338158,Tuddenham,Christiana,4308929903,34403 Brown Center
FOREIGNER_CARD,7252323250,Busse,Virgil,7275037769,373 Mariners Cove Trail
CITIZENSHIP_CARD,8298370929,Semble,Madelle,2241521337,482 Knutson Pass
IDENTITY_CARD,3977433733,Jerratsch,Libbey,7643683670,88 Mallory Plaza
PASSPORT,6211036841,Boxall,Ara,8622660249,6 Linden Hill
FOREIGNER_CARD,2857258895,Harkins,Giralda,2115939875,63 Bay Park
CITIZENSHIP_CARD,5620339696,Soares,Perceval,1788013484,4098 Moulton Place
IDENTITY_CARD,2194939814,Wheeler,Edsel,6108746130,1855 Sauthoff Junction
PASSPORT,7030967356,Campling,Dalenna,6531779179,5 Thierer Street
FOREIGNER_CARD,1131204271,Ebbett,Marcela,9229031550,80 Anzinger Hill
CITIZENSHIP_CARD,7223922486,Tratton,Fabian,685178889,16943 Spaight Terrace
IDENTITY_CARD,8798340565,Buddleigh,Tricia,1304128954,920 Buell Terrace
PASSPORT,9677757717,Bartoleyn,Katrina,7420424039,91173 West Way
FOREIGNER_CARD,3433927812,Crownshaw,Rollie,2870737068,07549 Melrose Crossing
CITIZENSHIP_CARD,3906299864,Baldi,Junette,6094609107,9999 Kings Way
IDENTITY_CARD,7402658880,Ricard,Deerdre,5145228465,404 Holmberg Junction
PASSPORT,9509559830,Ranns,Tommie,9964110359,672 Shasta Court
FOREIGNER_CARD,2174744538,Stivens,Cherilynn,4064644751,581 Kingsford Point
CITIZENSHIP_CARD,9802302465,Schwerin,Starla,8229560560,1 Waywood Trail
IDENTITY_CARD,9463572406,de Voiels,Haydon,4035197645,73673 2nd Drive
PASSPORT,5066896902,Kellard,Alfy,7043924782,66 Bay Pass
FOREIGNER_CARD,2500621189,Joint,Carlye,1980245460,7283 Continental Park
CITIZENSHIP_CARD,5066060782,Andrus,Ilka,2531830979,2276 Coolidge Junction
IDENTITY_CARD,7713717498,Tynemouth,Brier,3325559220,1008 Northport Street
PASSPORT,6771480399,Kopp,Hyacinthia,1117528626,760 Thompson Lane
FOREIGNER_CARD,1735374466,Gummow,Harlan,1110813198,9947 Stephen Road
CITIZENSHIP_CARD,1008105821,Jedraszczyk,Anne-marie,3670239855,29626 Bowman Parkway
IDENTITY_CARD,7233735735,Spurier,Waldemar,4485882659,09291 Center Place
PASSPORT,9568832963,Roncelli,Hendrika,2620762286,26 Cherokee Lane
FOREIGNER_CARD,8260261138,St. Pierre,Cairistiona,6978754080,3 Bartillon Court
CITIZENSHIP_CARD,540456802,Jagger,Shepherd,809555301,27 Brentwood Parkway
IDENTITY_CARD,749544880,Spurritt,Natividad,5432721716,846 Sullivan Drive
PASSPORT,3858991155,Gaspero,Shirline,9954344462,67248 Orin Terrace
FOREIGNER_CARD,501285466,Jerrans,Margot,64022056,70955 Carey Road
CITIZENSHIP_CARD,4598703318,Rabley,Rosalia,9839955608,01 Grover Point
IDENTITY_CARD,4370957559,Bartosinski,Ardyce,3819175741,7 Surrey Terrace
PASSPORT,9305616194,Keysall,Rogerio,6898379534,1943 Crest Line Road
FOREIGNER_CARD,6140272149,Hylden,Bernardo,7035355391,6119 Dixon Avenue
CITIZENSHIP_CARD,2596849852,Hobble,Zenia,839165757,3 Morning Crossing
IDENTITY_CARD,1865756040,Perdue,Gregg,3904203150,0 Melody Road
PASSPORT,3168471321,Robley,Virgilio,6957624935,2026 Saint Paul Hill
FOREIGNER_CARD,9051844417,L'oiseau,Trenton,3796132480,01671 Kensington Place
CITIZENSHIP_CARD,4328450921,Nibley,Gonzalo,3027993569,37352 Rockefeller Street
IDENTITY_CARD,5922965603,Yeates,Valentijn,2574761227,5 Reindahl Hill
PASSPORT,2764526105,Hatherill,Joaquin,5109912025,49421 Messerschmidt Place
FOREIGNER_CARD,2422612008,Stiegars,Zachery,6430611442,674 Glendale Street
CITIZENSHIP_CARD,9221248321,Tame,Paolo,6725969992,6491 Prairieview Hill
IDENTITY_CARD,6868576145,Meece,Bradan,2281466590,9 Bunker Hill Circle
PASSPORT,8178750120,Bilton,Lucia,8953568765,4 Packers Point
FOREIGNER_CARD,8247357917,Helsdon,Guntar,9107891261,21 Anniversary Avenue
CITIZENSHIP_CARD,6736441285,Templar,Tabbi,3489000862,0 Derek Place
IDENTITY_CARD,3342720344,Noulton,Corrine,7247247347,631 Petterle Parkway
PASSPORT,8828544007,Jarmain,Noah,6461035850,31 Northport Point
FOREIGNER_CARD,3086979992,Drissell,Valentine,7824832279,28804 Warrior Trail
CITIZENSHIP_CARD,3576699147,Mc Gorley,Sela,6237559922,933 Onsgard Road
IDENTITY_CARD,6195441031,Rimington,Missie,2595680064,541 Milwaukee Pass
PASSPORT,1516274261,Jouen,Gerty,772640149,9 Heffernan Alley
FOREIGNER_CARD,5830131080,Borrows,Ernest,7930249441,991 Mcguire Point
CITIZENSHIP_CARD,8610828212,Wilcox,Clarence,4783512825,0 Clove Way
IDENTITY_CARD,2671927363,Hawkeridge,Marie,3902300760,778 Northridge Crossing
PASSPORT,5704934056,Ferroni,Zenia,1417271051,22 Carioca Avenue
FOREIGNER_CARD,3484730129,Kilbourne,Daveta,5335519339,53525 Rockefeller Way
CITIZENSHIP_CARD,4528382547,Allsupp,Gerard,8811656478,8990 Sachtjen Street
IDENTITY_CARD,5243398047,Catterson,Baldwin,519307194,92 Dawn Terrace
PASSPORT,8920965633,Spedroni,Trish,8272357410,69930 Dennis Center
FOREIGNER_CARD,9466985876,Jacobovitz,Rabi,9576543401,3 Ramsey Crossing
CITIZENSHIP_CARD,1416341994,Roomes,Gerome,8561450851,43 Lighthouse Bay Hill
IDENTITY_CARD,4983028609,Idney,Eldredge,6323977257,8 Fuller Parkway
PASSPORT,1088378978,Bowering,Ardeen,8587079891,2504 Hagan Lane
FOREIGNER_CARD,1002723043,Round,Alia,7522283876,96039 Kipling Crossing
CITIZENSHIP_CARD,6248022119,MacDermot,Manfred,8071503347,81 Barnett Terrace
IDENTITY_CARD,1607219360,Blanko,Henka,1559096667,39819 Kenwood Court
PASSPORT,7997251723,Coldicott,Ellene,5341468910,1981 Sloan Road
FOREIGNER_CARD,8413068800,Alexandersson,Edee,7820600438,75079 Talmadge Court
CITIZENSHIP_CARD,2993321773,Loines,Sax,1340254824,80 Bultman Way
IDENTITY_CARD,3659466301,Brisseau,Ashbey,7272126183,84 Mcguire Avenue
PASSPORT,6735170164,De Carlo,Ruby,8728675762,5072 Shoshone Pass
FOREIGNER_CARD,6126120035,Bushe,Hirsch,8139955612,03794 Bashford Alley
CITIZENSHIP_CARD,9673098530,Thomesson,Sybila,2353342523,0385 Granby Alley
IDENTITY_CARD,2104402824,Tureville,Carroll,6957870634,277 Dryden Junction
PASSPORT,3990762869,Bartelli,Gibby,2843122198,3 North Crossing
FOREIGNER_CARD,7036935316,Bushen,Jaquelyn,9383452668,3 American Ash Terrace
CITIZENSHIP_CARD,1775855589,Pellant,Chet,7857354333,06 Dorton Trail
IDENTITY_CARD,4329335654,Pakenham,Jule,4222403466,5329 Farmco Park
PASSPORT,6068707830,Hewes,Constantin,8179208036,12068 Kim Lane
FOREIGNER_CARD,8944399778,Backhouse,Roberto,9520240950,9 Arkansas Place
CITIZENSHIP_CARD,4110271622,Prenty,Abbye,8812561926,36 Comanche Junction
IDENTITY_CARD,6088684526,Pollard,Modestia,6737362044,0 Carpenter Avenue
PASSPORT,8898471440,Kettlestringes,Lorine,2445104149,74707 Dovetail Circle
FOREIGNER_CARD,5852415022,Plummer,Cristionna,3424420271,6711 Kingsford Road
CITIZENSHIP_CARD,1994884312,Featherstone,Wylie,9256205041,595 Lakeland Plaza
IDENTITY_CARD,9531165602,Summerill,Irv,4238978056,2707 Autumn Leaf Road
PASSPORT,6155169721,Undrill,Lyn,5137855847,7 Fallview Road
FOREIGNER_CARD,2091543926,Esley,Maressa,6157114452,9 Green Ridge Place
CITIZENSHIP_CARD,1930719493,Pryke,Boot,1830639595,4332 Knutson Trail
IDENTITY_CARD,7153763120,Ateridge,Thacher,9471236096,30309 Swallow Avenue
PASSPORT,8553528308,Yushankin,Nickolai,2099479062,25 Lunder Point
FOREIGNER_CARD,4575796891,Chasmer,Phillipe,8882796590,340 Commercial Junction
CITIZENSHIP_CARD,9830961834,Bartles,Lind,9517784457,6 Redwing Lane
IDENTITY_CARD,4098546361,Ballintime,Kenon,6137297608,24 Shopko Place
PASSPORT,962054402,Bachman,Filbert,5230890185,001 Hooker Circle
FOREIGNER_CARD,7275172461,Ballentime,Thorn,3947643861,406 Michigan Place
CITIZENSHIP_CARD,971701717,Scemp,Cleopatra,4024571796,1 Fair Oaks Point
IDENTITY_CARD,5499619123,Aylmer,Jerrine,1747060267,6977 Moose Circle
PASSPORT,8713077066,McCusker,Cassius,2622019556,02798 Miller Plaza
FOREIGNER_CARD,4170038223,Boatswain,Dulcinea,3681130337,32 Schurz Park
CITIZENSHIP_CARD,9390174864,Lambillion,Ellerey,3150986788,28 Meadow Vale Street
IDENTITY_CARD,4819975447,Hixley,Grayce,9691048477,212 Pennsylvania Trail
PASSPORT,8191980797,Jiles,Rubia,9729641420,40654 Calypso Pass
FOREIGNER_CARD,2840940493,Peat,Evelina,934461082,5061 Independence Hill
CITIZENSHIP_CARD,6135287168,Logesdale,Slade,7404621569,71062 Packers Trail
IDENTITY_CARD,7094988753,Haslam,Boonie,4515773380,095 Derek Terrace
PASSPORT,7977033321,Gibson,August,3420293224,8 Barby Hill
FOREIGNER_CARD,1362366072,Ruecastle,Talbot,2321095180,9931 Magdeline Lane
CITIZENSHIP_CARD,9669004691,Sign,Chiarra,9415935952,0571 Eagle Crest Park
IDENTITY_CARD,1017316368,Acors,Sue,7474519151,6295 Elmside Way
PASSPORT,1446612759,Baldin,Dru,375448985,02162 Heffernan Drive
FOREIGNER_CARD,4493542500,Garmons,Barnaby,7924634215,34845 Carberry Court
CITIZENSHIP_CARD,6170927003,Cescoti,Akim,6213536493,85 Pepper Wood Crossing
IDENTITY_CARD,2573213749,Treadwell,Tish,1393730191,83 Fuller Trail
PASSPORT,5462345976,Cochern,Jaclyn,1647762103,68 Maryland Plaza
FOREIGNER_CARD,3799908234,Kenninghan,Rebbecca,3788969725,81714 Bluejay Junction
CITIZENSHIP_CARD,4233829370,Gayter,Hilde,7890132417,826 Shopko Center
IDENTITY_CARD,5684628095,Mechem,Ephrem,9465123749,73 Prairieview Alley
PASSPORT,5403501541,Bruyntjes,Darren,9343852142,9204 Debra Pass
FOREIGNER_CARD,7210686770,Angrove,Wilton,6893647042,03 Petterle Lane
CITIZENSHIP_CARD,1230534636,Boxe,Beauregard,2997694329,4 Fairview Junction
IDENTITY_CARD,350499004,Vanns,Nickie,4271866830,40182 Thompson Point
PASSPORT,9216893141,Thombleson,Ellerey,2250088268,7067 Vidon Crossing
FOREIGNER_CARD,8036305860,Shetliff,Nadine,2927353603,18 Ronald Regan Pass
CITIZENSHIP_CARD,7574164223,MacCaughey,Traci,3889036562,74604 Montana Trail
IDENTITY_CARD,8568456359,Mosen,Kellen,397773269,7436 Longview Lane
PASSPORT,5725284921,Whitlaw,Dawn,3621615970,136 Warbler Park
FOREIGNER_CARD,2005407623,Zum Felde,Margaretta,2051356998,2838 Golf View Trail
CITIZENSHIP_CARD,5552040953,Aves,Turner,9266110787,67 David Pass
IDENTITY_CARD,5502309517,Petracco,Dianna,8185549575,147 Fremont Point
PASSPORT,2989142347,Killingbeck,Lenee,6645624328,55743 Crowley Pass
FOREIGNER_CARD,4992354831,Percifer,Rab,9853408554,7670 Derek Alley
CITIZENSHIP_CARD,4581924863,Kempson,Tobey,2747320804,1714 Sachtjen Point
IDENTITY_CARD,5409522648,Happert,Mirna,8183519490,40641 Sheridan Junction
PASSPORT,5385080039,Older,Terry,3904534270,6030 Anderson Pass
FOREIGNER_CARD,3731536722,Dmiterko,Nanci,6035529976,56 Thackeray Way
CITIZENSHIP_CARD,1098261593,Suett,Beverie,283610786,480 Anderson Avenue
IDENTITY_CARD,505748835,Yoskowitz,Allyn,4693367214,2472 Talmadge Drive
PASSPORT,2927496463,Jeaffreson,Jacky,9134298703,72 Hintze Drive
FOREIGNER_CARD,7990768534,Ogilvy,Baillie,6297364435,70508 Milwaukee Court
CITIZENSHIP_CARD,7255622496,Hubane,Bordy,7661557290,632 Springs Way
IDENTITY_CARD,977228355,Walczynski,Stacee,3381700391,17910 Barnett Plaza
PASSPORT,1707849498,McInally,Denny,7895488937,1 Dakota Center
FOREIGNER_CARD,8612578108,Raeside,Michel,9934196840,3 2nd Lane
CITIZENSHIP_CARD,5714500881,Bavridge,Krysta,3154555838,429 Bartillon Trail
IDENTITY_CARD,1722533609,Pellamonuten,Lettie,5121994567,3 Surrey Parkway
PASSPORT,9517939957,Thacke,Algernon,4996193778,5369 Rowland Center
FOREIGNER_CARD,2608113494,Quartley,Gilberta,5681623637,8045 Swallow Court
CITIZENSHIP_CARD,8228207573,Tubritt,Neill,6882544719,4 Mccormick Park
IDENTITY_CARD,2364210100,Lyddy,Charla,225369737,89 Stuart Alley
PASSPORT,2530470480,Bedell,Pamella,3200933577,040 Chinook Place
FOREIGNER_CARD,9409179254,Wickersham,Gayel,5563968596,1 Kim Pass
CITIZENSHIP_CARD,2903749183,Golland,Phyllis,5178118553,2 Dovetail Circle
IDENTITY_CARD,8152113441,Quarmby,Layla,7026108697,67991 Hagan Parkway
PASSPORT,9343063881,MacHostie,Rory,4695409917,9 Crowley Way
FOREIGNER_CARD,6324997103,Kilmartin,Francis,2213617023,22 Wayridge Hill
CITIZENSHIP_CARD,8786453874,Hanretty,Katti,4037355108,6 Columbus Terrace
IDENTITY_CARD,6868113560,Simmans,Adelle,9928277958,60 Barby Place
PASSPORT,5462945698,Jeppe,Gracia,4257881402,53 Tennessee Street
FOREIGNER_CARD,544694546,Longstaff,Ali,6596518310,0 Anhalt Terrace
CITIZENSHIP_CARD,1401945163,Biner,Tine,2878102657,80 Sunfield Crossing
IDENTITY_CARD,9411835856,Glozman,Krystal,5863038608,18634 Raven Terrace
PASSPORT,8580760348,Winspar,Magda,5383321225,70122 Annamark Way
FOREIGNER_CARD,4010306262,Imort,Jakie,8562802212,4 Talmadge Pass
CITIZENSHIP_CARD,158717651,Bonner,Kaitlin,9119958048,264 Elka Crossing
IDENTITY_CARD,9110534520,Truscott,Lynelle,3751629025,6783 Knutson Street
PASSPORT,5320345526,Daal,Franciskus,2749881714,48 International Terrace
FOREIGNER_CARD,9393448221,Simka,Dickie,9642140217,03 Carpenter Lane
CITIZENSHIP_CARD,1941238653,Sparham,Lane,5076110979,70 Loeprich Alley
IDENTITY_CARD,623437627,Skuse,Jocelin,4143088142,4 Annamark Avenue
PASSPORT,6982327647,Huzzay,Arlyne,5471769880,3 Jackson Hill
FOREIGNER_CARD,1608163547,Trees,Coralyn,2348654822,3892 Merrick Pass
CITIZENSHIP_CARD,6991893226,Ollivierre,Stephan,197418457,8 Almo Place
IDENTITY_CARD,7390962011,Horche,Marc,2446738729,6076 Prairie Rose Court
PASSPORT,2949898068,Dowyer,Myrna,2272197558,1 Larry Terrace
FOREIGNER_CARD,8090483003,Nash,Broddy,1929055846,85094 Maywood Parkway
CITIZENSHIP_CARD,6644178499,Worms,Augustine,2966051779,91839 Veith Court
IDENTITY_CARD,3133965123,Ricarde,Bobbette,7198898572,55 Bultman Circle
PASSPORT,3978669196,Tie,Fern,9700652408,977 Stoughton Road
FOREIGNER_CARD,6652358549,Deinhard,Cairistiona,9664698938,7725 Fordem Parkway
CITIZENSHIP_CARD,6134318922,Nitti,Mickie,2385453010,914 Longview Parkway
IDENTITY_CARD,8635907833,Dines,Mariellen,8226333717,911 Mariners Cove Trail
PASSPORT,6558442906,Bendig,Ulises,1255478039,8 Mallard Alley
FOREIGNER_CARD,7960880654,Bolmann,Elana,2798247640,58 Veith Hill
CITIZENSHIP_CARD,7295996516,Skeermor,Kyla,6290851845,296 Summer Ridge Drive
IDENTITY_CARD,9694258901,Ofen,Eloisa,4199085769,3 Magdeline Drive
PASSPORT,240913094,Lebourn,Clarisse,4189593273,7 Hudson Road
FOREIGNER_CARD,6757613824,Storry,Kaylyn,4591945316,876 Menomonie Avenue
CITIZENSHIP_CARD,8396185891,Keegan,Hannie,7448050540,73 5th Pass
IDENTITY_CARD,3647283649,Charville,Shandeigh,780774876,895 Fieldstone Street
PASSPORT,5865885537,Currum,Gerta,9534764035,0 Loftsgordon Plaza
FOREIGNER_CARD,5047139441,Pawlicki,Faye,93875177,650 Ridge Oak Court
CITIZENSHIP_CARD,717344738,Doree,Gene,8623277511,3273 Bultman Lane
IDENTITY_CARD,916928225,Grancher,Crawford,1400030773,08 Washington Park
PASSPORT,248440349,Montague,Janessa,6131617899,0778 Vermont Park
FOREIGNER_CARD,5957953318,Oldknow,Whitby,2985783135,53 Becker Hill
CITIZENSHIP_CARD,2350202429,Looby,Pascal,8981623708,14195 Leroy Point
IDENTITY_CARD,6559954129,Deathridge,Nigel,9660151497,2 Moland Park
PASSPORT,1661521738,Elmar,Ramon,4825886523,88 Brentwood Pass
FOREIGNER_CARD,3596463211,Scarsbrick,Morten,5595179929,3298 8th Lane
CITIZENSHIP_CARD,1651305501,Borrow,Quintus,7388905022,580 Cardinal Terrace
IDENTITY_CARD,6812981761,Bartoszewicz,Louisette,6971163206,5 Clyde Gallagher Circle
PASSPORT,5833599032,Patkin,Dale,9788592090,8 Schmedeman Junction
FOREIGNER_CARD,9525607070,Fiddiman,Filippo,7435827150,37309 Delaware Alley
CITIZENSHIP_CARD,1911843672,Keward,Claudina,3310619907,5 Crownhardt Trail
IDENTITY_CARD,7435172189,Guerry,Nananne,7885409856,47988 Oak Valley Way
PASSPORT,248828398,Bredee,Karalee,6875473852,9 Stephen Trail
FOREIGNER_CARD,3615425138,O'Carran,Janenna,8365254875,11 Chinook Place
CITIZENSHIP_CARD,3238061127,Lishmund,Kellen,9013042880,177 Dixon Plaza
IDENTITY_CARD,7474500221,Hamlin,Wat,8881473283,36384 Burrows Circle
PASSPORT,8707925514,Bertolaccini,Nels,771977395,6 Ramsey Avenue
FOREIGNER_CARD,2256153193,Daine,Herc,8443295074,75 Brickson Park Parkway
CITIZENSHIP_CARD,5164029960,Arnal,Birk,7097198621,9 Oak Valley Trail
IDENTITY_CARD,916330346,Gahagan,Lizzy,4384645643,152 Colorado Park
PASSPORT,5750527972,Castellone,Archy,8211820684,342 Myrtle Junction
FOREIGNER_CARD,3422330682,Fydo,Andris,7884572680,1770 Kingsford Road
CITIZENSHIP_CARD,855628316,Fellows,Clemente,1420026054,051 Bluejay Avenue
IDENTITY_CARD,5824729891,Iowarch,Jena,3823847902,8 Mosinee Parkway
PASSPORT,5974126912,Dight,Austine,1679648357,9295 Washington Pass
FOREIGNER_CARD,6155834520,Shew,Riannon,5984396092,1720 Kipling Hill
