Noelle,173.224.58.7,Jack,Corabella;
Codi,25.103.234.204,Frieda,Earl;
Rowena,253.195.213.180,Fiorenze,Stacy;
Gerry,59.248.113.151,Kata,Isobel;
Ginevra,93.234.128.35,Gabbey,Niall;
Constantino,102.8.182.77,Othilia,Lanie;
Mireille,183.205.92.126,Sherm,Carlin;
Rozelle,15.26.158.118,Trude,Abramo;
Bobbette,170.209.196.15,Berkeley,Calv;
Alaine,194.184.8.3,Jarid,Hewie;
Dosi,151.20.116.119,Hana,Sheffield;
Rafaello,53.82.162.115,Tracy,Donia;
Ilse,230.88.137.129,Bryn,Torry;
Billy,172.162.90.215,Antin,Maryl;
Herb,68.168.151.91,Sherie,Livvie;
Jackson,8.18.114.48,Jaimie,Karina;
Bastian,187.253.251.221,Rubia,Johan;
Staford,213.156.113.250,Raynell,Dulcine;
Hermie,183.250.83.228,Shepherd,Anstice;
Sven,188.56.148.187,Jose,Vladamir;
Lynett,180.65.134.57,Blanch,Sigismond;
Mead,178.33.16.166,Gerda,Dan;
Ariella,146.44.245.161,Ingar,Teressa;
Gabi,167.183.108.17,Saw,Dulce;
Buckie,175.187.149.135,Conchita,Antonio;
Keefer,74.132.128.29,Noelle,Sheff;
Elka,21.125.206.132,Elfie,Brande;
Brittan,47.30.151.177,Cobby,Waverly;
Humfrid,59.93.4.122,Annabela,Eva;
Doro,104.252.212.63,Benedetto,Arri;
Phyllys,232.53.112.83,Ulrica,Valaree;
Holly,154.185.158.181,Aretha,Ewart;
Creight,192.79.225.3,Mayne,Karlee;
Alessandra,203.60.38.3,Filide,Olivette;
Nels,57.26.110.116,Clarisse,Veda;
Cinnamon,252.0.78.201,Fransisco,Bennie;
Julian,157.14.58.221,Stanislaus,Flori;
Vicki,97.58.107.148,Bambie,Forest;
Roanne,52.44.199.193,Ida,Miof mela;
Ailis,225.140.151.158,Rena,Norah;
Rudolfo,67.127.155.140,Merilee,Tisha;
Britt,152.60.0.153,Wang,Aylmar;
Cassey,206.255.188.249,Fax,Buddy;
Jens,38.206.123.134,Bronson,Clarey;
Rhona,212.2.81.121,Huntington,Didi;
Rivy,145.96.55.119,Gerhardine,Jackie;
Barton,181.53.239.159,Silvester,Jody;
Inglebert,223.159.21.221,Drake,Jamaal;
Katrina,42.99.16.81,Roch,Jacquenetta;
Keelia,187.214.128.67,Anet,Meade;
Joleen,109.174.211.205,Rois,Viviene;
My,204.127.75.23,Myer,Rachelle;
Glenn,69.76.206.177,Lowell,Merrill;
Netty,116.239.185.152,Robby,Gerik;
Loise,208.61.161.142,Stace,Ezri;
Rafa,194.187.66.193,Buiron,Maxie;
Hugh,178.225.89.201,Susanne,Cad;
Sophronia,73.241.6.208,Shae,Kimberlee;
Yoshi,55.245.232.189,Estevan,Bert;
Giselle,130.210.126.71,Demott,Kevyn;
Butch,214.3.15.88,Carmita,Tab;
Berna,55.29.150.79,Elie,Gloria;
Shalna,88.218.254.237,Elsinore,Sandro;
Brandise,22.201.37.48,Erika,Franzen;
Toby,152.35.225.177,Celestia,Eli;
Jolene,69.254.148.96,Myrwyn,Alano;
Jermaine,254.212.40.192,Rois,Arv;
Marjy,254.11.185.203,Jerald,Farlie;
Nicki,253.92.74.83,Jocelyn,Brittan;
Web,70.241.167.130,Robyn,Maddi;
Boniface,197.140.63.94,Marti,Kale;
Rivi,240.232.137.25,Claire,Rosanna;
Diane,61.54.194.22,Morissa,Norry;
Issi,62.202.147.151,Blair,Eimile;
Annadiana,6.148.154.185,Kordula,Giulio;
Lucais,177.87.160.172,Raimundo,Godard;
Rance,224.149.97.168,Manfred,Zorina;
Bernette,135.61.228.234,Ches,Patten;
Neale,96.130.79.121,Ame,Cornie;
Mattie,148.177.126.4,Kaila,Derrick;
Dacia,13.236.77.78,Jaymie,Evvy;
Tome,126.5.43.189,Major,Alexei;
Antin,215.176.34.248,Othilia,Susan;
Karole,225.210.215.75,Durand,Jemmy;
Emma,248.249.226.221,Rutger,Chloe;
Gardie,53.158.193.231,Dud,Read;
Marthe,198.234.65.236,Rhea,Corabella;
Town,241.90.104.140,Shannon,Deonne;
Courtney,18.28.14.79,Margareta,Jakie;
Tito,131.49.233.190,Theressa,Sterne;
Jacquelin,22.208.28.156,Bryon,Marysa;
Jorie,17.213.5.79,Birgitta,Giselle;
Ian,166.245.134.198,Romonda,Sigrid;
Vivyanne,231.156.168.150,Fifi,Samuele;
Carolan,204.89.102.133,Richy,Karlik;
Letizia,89.52.48.24,Cazzie,Sig;
Joletta,238.126.237.164,Nessa,Stefano;
Mirilla,157.44.116.188,Elga,Pietro;
Keefer,44.177.196.109,Abagael,Wolfgang;
Eugine,167.93.165.207,Kittie,Abbe;
Lora,153.4.44.178,Ludovico,Panchito;
Dulcea,163.224.105.83,Gianna,Risa;
Ted,109.41.151.95,Raddie,Yulma;
Vladimir,192.109.230.61,Jaymee,Yvonne;
Ronni,23.97.198.126,Saxon,Nilson;
Feodor,4.21.251.131,Nichols,Bentlee;
Brittani,236.27.17.79,Cecilla,Jaclin;
Evangelin,32.2.39.3,Violet,Carree;
Alfie,204.219.17.97,Somerset,Neron;
Caryn,72.183.167.254,Libbie,Chick;
Samuel,160.126.201.139,Enrico,Truman;
Bart,192.74.104.129,Lorant,Kylila;
Avrom,33.181.96.148,Dela,Colet;
Cele,230.107.162.98,Nessy,Ede;
Ashely,173.40.78.163,Dietrich,Alessandra;
Merry,191.213.68.219,Estell,Reggie;
Gino,237.55.78.73,Aylmar,Markos;
Muffin,44.187.117.64,Dulcie,Ingemar;
Alaric,186.31.116.133,Nonna,Carr;
Bobinette,64.207.40.81,Yorke,Carrol;
Arte,182.82.112.90,Rufe,Bengt;
Itch,72.84.178.131,Deloris,Fitz;
Edward,207.26.40.65,Rafi,Nollie;
Eziechiele,211.231.174.192,Ruprecht,Loraine;
Walton,206.249.22.84,Cirillo,Elladine;
Ros,192.51.16.107,Callida,Jordanna;
Robena,28.231.136.80,Cassey,Halie;
Cam,137.41.193.41,Tomas,Taryn;
Gwennie,21.59.183.254,Ephraim,Willette;
Jared,239.61.12.87,Stacee,Desmund;
Keary,212.127.237.145,Wilbert,Shelly;
Anthony,117.76.188.53,Sophie,Domeniga;
Tabitha,62.247.228.35,Madonna,Lotta;
Lexine,199.199.102.125,Jefferson,Ramsey;
Kasper,176.95.204.192,Idette,Dimitry;
Sofia,205.151.196.61,Diego,Mella;
Benito,205.140.217.55,Don,Lucian;
Cory,208.89.211.76,Camel,Portia;
Onida,143.121.148.80,Rogers,Adoree;
Osgood,156.33.178.202,Hunt,Anatollo;
Gillie,193.124.102.58,Roland,Perry;
Jamison,8.120.209.51,Margaretta,Lise;
Marthena,78.181.45.204,Benedicta,Lorens;
Gillan,93.77.155.159,Veronique,Cassandra;
Ailyn,211.17.225.161,Melamie,Nancie;
Andras,192.166.198.36,Haslett,L;urette
Edie,150.232.67.218,Walker,Lothaire;
Josselyn,231.69.34.194,Millie,Gusella;
Odelle,177.157.200.138,Terrye,Shirleen;
Quintin,181.237.49.215,Sancho,Jake;
Celina,106.73.37.171,Susanetta,Benson;
Alfred,215.184.14.51,Cindy,Pegeen;
Gibbie,182.224.164.219,Lorin,Jayson;
Dredi,94.19.126.213,Nikoletta,Kelsi;
Elly,78.207.62.180,Edlin,Tim;
Iggy,41.190.248.72,Cyndie,Forbes;
Shalom,241.168.167.69,Wilhelmine,Kimmie;
Eleni,243.182.161.21,Jonah,Sayre;
Perry,60.187.239.22,Alexio,Sherwynd;
Akim,181.70.161.215,Cassandra,Ashil;
Livvyy,193.160.235.160,Geoff,Fonz;
Pattie,177.120.136.225,Jessy,Jami;
Anna,170.128.219.14,Wendeline,Shelton;
Ewart,235.198.119.172,Goraud,Sonya;
Lynsey,104.88.12.166,Elicia,Hertha;
Keri,200.223.166.119,Berny,Adrien;
Tybi,228.245.180.9,Leland,Sonnie;
Johny,58.224.103.96,Avictor,Dannie;
Robin,146.244.91.70,Ashbey,Wood;
Estrellita,120.238.76.61,Marne,Franzen;
Gloria,153.1.21.27,Henka,Jonathon;
Kameko,78.198.160.118,Estevan,Regan;
Lucias,157.120.75.137,Gilbert,Nels;
Dee dee,151.123.154.138,Margaux,Ermentrude;
Fanny,197.76.105.229,Lindi,Jasper;
Deb,54.131.96.79,Luce,Phedra;
Ellen,111.103.184.46,Harry,Phylis;
Hayden,216.108.139.102,Phyllys,Tierney;
Philip,167.101.125.107,Gwyn,Prissie;
Alleyn,251.136.86.174,Cinderella,Caitrin;
Gar,88.208.98.16,Yasmeen,Tommie;
Nadeen,237.62.216.54,Had,Josephina;
Ortensia,175.219.221.19,Maire,Lissie;
Lonnard,107.243.219.57,Jeremias,Egon;
Darice,22.73.46.116,Prudi,Wildon;
Abbi,67.3.97.249,Bethany,Lars;
Casie,217.242.136.66,Oliviero,Margaret;
Milty,99.152.27.111,Klara,Booth;
Jo-anne,101.86.169.52,Carlota,Caritta;
Romona,42.80.163.173,Mariquilla,Theadora;
Cathrine,212.73.121.175,Cristine,Erik;
Mari,23.163.107.22,Beltran,Marlee;
Porty,133.64.247.214,Rem,Elonore;
Phebe,207.96.148.61,Aurlie,Alexa;
Gage,134.122.55.152,Massimiliano,Che;
Charita,168.8.25.160,Melisa,Dalton;
Arline,123.148.144.215,Haydon,Mel;
Zebulon,201.96.248.218,Valli,Ilene;
Fergus,4.102.163.104,Katya,Cy;
Sibeal,22.101.127.174,Pammy,Camellia;
Thain,196.0.32.145,Ilaire,Jeffry;
Lizette,192.124.175.237,Jo-ann,Gilles;
Delores,104.192.197.189,Floria,Garreth;
Jephthah,220.29.135.249,Alyss,Hanna;
Ardys,4.196.214.84,Janek,Gary;
Anallise,238.133.75.128,Hailee,Shauna;
Stefanie,184.47.56.117,Byrle,Emyle;
Mel,229.251.121.241,Nick,Nels;
Dasi,204.4.158.222,Joell,Meagan;
Harwell,154.56.54.93,Fee,Bobbye;
Brianne,48.60.51.148,Ringo,Cate;
Kerstin,223.147.85.13,Murry,Amalita;
Kerianne,250.123.187.121,Timmi,Jasmine;
Isiahi,106.100.91.220,Bruis,Lotti;
Petra,227.213.113.241,Panchito,Inglebert;
Chevy,84.184.183.145,Vinnie,Donnie;
Traci,18.63.114.244,Mitchel,Sandro;
Marlene,191.173.190.43,Layney,Marisa;
Garold,41.12.101.133,Stanwood,Gawen;
Gussi,153.116.116.207,Elinor,Peri;
Anatola,241.83.11.235,Michele,Richard;
Marianna,202.218.232.239,Kaylee,Gerry;
Sandye,156.91.233.49,Juditha,Ax;
Swen,14.234.159.175,Waylen,Bonni;
Amandie,48.201.244.129,Trace,Petronilla;
Chas,239.136.162.5,Gilligan,Ailene;
Brody,26.89.69.240,Olva,Ilsa;
Suki,7.131.99.193,Janek,Vanessa;
Zsazsa,107.214.180.75,Maynord,Jewell;
Suzi,71.39.1.207,Jamima,Bradan;
Reese,192.12.120.121,Virgie,Neda;
Alphonso,67.208.221.35,Herbie,Moises;
Micky,71.18.173.116,Blayne,Randi;
Nathalia,89.154.36.230,Vivi,Heywood;
Tonnie,42.44.121.141,Ofelia,Ammamaria;
Junie,207.170.181.66,Willey,Kippy;
Bronnie,144.151.170.203,Ardith,Nikolia;
Jeremie,26.93.36.237,Jobie,Jennilee;
Laetitia,135.9.248.178,Anthea,Jock;
Roda,31.167.163.106,Leone,Cesaro;
Tybi,253.105.175.127,Carilyn,Mitch;
Dian,73.214.83.4,Saundra,Annora;
Tish,116.84.207.127,Loise,Kat;
Alicia,69.123.213.147,Sollie,Amie;
Maribelle,217.178.42.160,Ryan,Druci;
Correna,239.17.0.232,Zilvia,Gottfried;
Zahara,83.72.106.232,Lesya,Reynard;
Clark,132.111.58.128,Lanita,Hart;
Ange,167.101.54.86,Berthe,Sallee;
Indira,182.175.80.32,Lucio,Theresita;
Suki,140.84.144.33,Mead,Klaus;
Domingo,17.164.249.206,Carlin,Wallas;
Corina,242.95.176.125,Ashby,Rollin;
Andromache,172.87.229.220,Court,Julie;
Michael,203.253.242.56,Edgard,Pepillo;
Gallard,171.15.229.127,West,Wendy;
Kipp,122.218.158.69,Sabine,Flss;
Gerianna,206.221.248.157,Errol,Husain;
Hermy,167.212.93.7,Rene,Christie;
Frederic,99.112.241.223,Kenton,Flin;
Rosina,33.144.250.64,Oswald,Saul;
Judi,136.25.218.147,Charmion,Tiffie;
Salomon,114.120.109.150,Jacynth,Trueman;
Leshia,135.113.152.33,Alexandros,Philomena;
Lorna,250.26.151.214,Dick,Janaya;
Ray,154.179.103.249,Edwina,Coraline;
Ilyssa,102.183.87.205,Averil,Deeanne;
Dallis,22.213.231.38,Pia,Staci;
Goran,207.211.141.25,Kay,Cullen;
Nowell,154.95.90.200,Linnie,Creigh;
Courtnay,201.139.50.106,Calley,Peyter;
Viv,167.110.226.10,Giustino,Jacquenette;
Ronnie,55.145.163.238,Derek,Constantia;
Merlina,76.217.71.113,Claude,Jarib;
Shurwood,60.120.164.144,Gwenore,Xaviera;
Bryn,192.202.210.178,Livvy,Desmond;
Meta,103.204.186.241,Raynor,Say;
Ollie,52.100.78.229,Annie,Drew;
Valina,206.120.71.87,Charline,Godiva;
Cece,105.95.89.76,Shoshana,Nicoli;
Jeanine,251.217.108.25,Towny,Shermie;
Margaret,194.120.214.233,Bradan,Kathryne;
Bradly,45.222.70.113,Chen,Alfonse;
Ira,5.71.242.224,Hamish,Shandee;
Amandy,50.217.254.239,Itch,Pierson;
Andreana,253.155.128.172,Zia,Sybilla;
Chrissy,99.223.88.223,Lucho,Kalie;
Charis,160.92.110.13,Shay,Harlene;
Marv,92.173.57.240,Helge,Harland;
Cindie,155.121.116.152,Jordon,Ole;
Claire,171.208.247.231,Zorine,Burr;
Doretta,32.114.85.43,Harlie,Ardelia;
Dianne,83.160.87.223,Star,Joletta;
Glenine,78.175.139.9,Daryl,Tailor;
Izzy,10.92.17.134,Lori,Sully;
Field,182.197.236.70,Julee,Salli;
Constanta,20.79.184.97,Carina,Jarred;
Kattie,50.148.76.178,Devonne,Ollie;
Jeralee,149.160.120.171,Carena,Hymie;
Jemmie,182.75.102.92,Celka,Dierdre;
Renault,89.139.76.135,Hanna,Titos;
Nigel,88.185.126.63,Van,Brook;
Care,236.224.51.51,Tobe,Christel;
Andree,60.231.0.216,Kyle,Porter;
Quincy,222.77.114.168,Kennie,Kayne;
Berkley,167.43.178.38,Aidan,Paulo;
Nydia,22.252.250.80,Luigi,Reeba;
Blaire,17.10.2.22,Raul,Elvira;
Brana,250.240.160.59,Burgess,Zonda;
Auguste,92.180.95.69,Elaine,Kiersten;
Addie,17.233.131.82,Alex,Samuele;
Verna,93.180.241.106,Alon,Tine;
Worth,187.141.214.63,Max,Brander;
Estelle,222.193.42.146,Vidovik,Simonne;
Christel,193.168.19.212,Northrup,Theobald;
Mordecai,120.24.97.60,Ode,Anabal;
Kate,249.186.161.98,Trixie,Carin;
Blane,235.32.229.7,Bjorn,Ysabel;
Drucie,179.125.68.141,Allayne,Benita;
Artair,154.108.59.162,Abbott,Nichole;
Noni,93.34.220.139,Ferdie,Kendricks;
Rowney,29.61.161.76,Agnella,Velma;
Lindsay,155.197.96.181,Herman,Lammond;
Bartholomew,216.132.192.178,Karissa,Eada;
Brok,113.112.163.253,Barrett,Regina;
Woodie,119.137.183.22,Bernelle,Ariadne;
Lina,218.59.187.190,Cherilyn,Enrika;
Harman,228.214.184.207,Bibbie,Felisha;
Gearalt,98.221.154.20,Jaclin,Madalyn;
Tymon,170.67.130.65,Ettore,Jesus;
Elisha,173.60.86.108,Herby,Aleen;
Adelaide,53.196.90.83,Dunstan,Hesther;
Fanechka,123.251.156.44,Emmalyn,Hiram;
Kennedy,160.115.17.39,Dasya,Mathilde;
Mortie,15.95.186.201,Juanita,Grange;
Waylin,30.36.73.100,Marabel,Moina;
Deloris,243.156.102.81,Tabb,Paquito;
Zola,193.232.33.101,Sadye,Sophie;
Olivier,51.154.159.252,Berkeley,Christopher;
Tabbie,32.83.85.166,Shantee,Virgina;
Marshall,47.188.119.85,Camila,Natalya;
Jill,61.132.3.19,Judah,Denyse;
Jillie,164.105.132.19,Gerick,Lin;
Noreen,80.63.254.107,Kin,Sheridan;
Gaylor,239.239.45.222,Natalya,Afton;
Whitby,152.109.211.115,Anestassia,Kristyn;
Reese,175.247.164.31,Miquela,Cassius;
Martina,67.114.138.61,Letizia,Morley;
Tamqrah,185.152.1.76,Ramsey,Rahel;
Elmore,85.61.44.77,Cordy,Billi;
Lira,237.101.113.103,Doreen,Alyce;
Samuele,152.46.95.162,Alister,Haleigh;
Camila,120.90.204.89,Franky,Abbi;
Brant,97.91.123.241,Berthe,Fredric;
Erin,195.167.202.145,Jordain,Elane;
Jean,81.178.87.233,Edd,Ardra;
Sloane,111.94.13.112,Niki,Sadie;
Rodolph,185.224.211.148,Liana,Pooh;
Thadeus,177.219.150.65,Franny,Consuela;
Corty,196.55.248.156,Saloma,Wylie;
Torre,98.93.157.133,Levy,Ermentrude;
Quent,212.254.24.21,Letizia,Valery;
Randee,187.219.223.84,Holly,Elbert;
Demetra,113.157.195.243,Zitella,Jesse;
Kerry,153.79.17.128,Gracie,Cthrine;
Willem,94.15.113.178,Lindy,Kermit;
Emmalee,218.178.166.18,Forest,Keefer;
Neely,50.35.50.31,Jabez,Margit;
Brade,66.207.46.104,Jabez,Kasey;
Rosette,136.236.200.94,Cletis,Foster;
Moe,226.142.97.251,Ara,Gates;
Sherye,243.141.125.215,Bellanca,Avie;
Rhys,172.8.102.131,Ker,Ilysa;
Lianna,7.147.240.149,Melissa,Friederike;
Codie,40.119.31.27,Jammie,Kelley;
Lilly,111.104.104.74,Janette,Bethina;
Laurence,86.28.116.200,Koren,Gamaliel;
Kerk,28.65.95.230,Farlie,Truman;
Cirillo,212.202.159.171,Olimpia,Farly;
Cheston,48.60.27.48,Jock,Kristoffer;
Sheela,167.50.243.143,Cairistiona,Evvy;
Winnie,143.105.224.22,Jeth,Kurt;
Berke,170.230.71.128,Wye,Merrielle;
Arlyn,89.184.184.189,Verene,Giorgi;
Tarrance,90.101.75.200,Gottfried,Hermann;
Amalle,201.93.87.204,Mercedes,Lucky;
Viole,43.45.11.135,Lura,Eamon;
Ragnar,91.108.69.183,Burgess,Lenard;
Vance,189.187.44.219,Jan,Brien;
Kelsey,99.198.21.89,Nelia,Byram;
Rosabel,27.220.208.218,Maia,Burtie;
Carl,59.69.209.155,Patricio,Baillie;
Neils,83.117.218.139,Carita,Winn;
Trudi,126.168.129.97,Zarah,Arlene;
Beverly,79.49.2.71,Tatiania,Isa;
Wolfie,78.57.78.237,Conrad,Judon;
Goldie,205.93.40.205,Rolfe,Ashil;
Rivkah,173.32.5.80,Carrissa,Venus;
Lida,22.181.200.84,Engracia,Brook;
Danna,174.24.91.7,Zarla,Idette;
Dorey,104.232.140.5,Aleta,Eldridge;
Morissa,249.125.29.202,Dal,Sinclair;
Lyn,252.156.168.232,Maison,Cherida;
Catlee,69.207.182.41,Shep,Mallory;
Janetta,190.20.123.66,Spence,Rodolfo;
Hadley,226.16.119.55,Jimmie,Garrik;
Rusty,104.18.207.24,Aldus,Booth;
Randie,158.106.218.95,Lethia,Ninon;
Rudd,79.10.72.100,Stella,Duff;
Sari,130.87.217.204,Vivianne,Lowell;
Tomaso,201.241.114.194,Natalie,Lorrin;
Shelly,62.168.140.147,Ree,Claudie;
Law,95.214.170.33,Inglis,Martainn;
Robyn,248.102.194.72,Donella,Ameline;
Sarena,82.189.39.7,Johnna,Neysa;
Opaline,56.129.219.152,Karel,Kendall;
Maud,193.156.199.49,Ruperto,Tommie;
Belicia,92.101.150.43,Nevile,Karyn;
Axel,18.163.88.21,Ivett,Caz;
Dena,30.218.238.86,Clea,Dione;
Audy,171.166.57.164,Lucais,Davon;
Con,242.62.37.65,Ofella,Codi;
Nessi,39.223.117.250,Pattie,Charlotte;
Hynda,52.206.24.202,Tabatha,Caddric;
Terrijo,174.29.130.172,Denise,Grannie;
Jennie,191.30.144.80,Nance,Welbie;
Natalina,83.121.150.104,Delores,Emile;
Sherwin,251.16.36.210,Correy,Joachim;
Bethanne,112.111.88.202,Bailey,Milty;
Flori,82.178.5.189,Cordy,Sheelah;
Constantina,237.20.225.193,Marshal,Ray;
Lion,155.125.108.88,Karlotte,Hobart;
Elmer,46.251.245.205,Cross,Eden;
Bronson,252.21.167.37,Mitchel,Dew;
Kylie,21.231.227.0,Cliff,Bette;
Clay,86.207.188.115,Robyn,Joelle;
Wenonah,191.233.74.216,Verina,Adolphus;
Leland,106.119.153.109,Dallis,Norma;
Reeba,94.29.38.224,Pascal,Gabriel;
Waverley,224.169.69.97,Dot,Anastasie;
Mikaela,172.212.200.65,Eddy,Enoch;
Edee,129.220.159.86,Costanza,Danie;
Freddi,240.115.190.47,Gertie,Davidson;
Chet,217.20.116.17,Ashley,Renado;
Sofie,200.4.119.156,Orella,Lutero;
Hagen,171.135.25.68,Sheri,Lonny;
Darb,155.211.88.102,Urbain,Melamie;
Pasquale,144.45.124.72,Cloris,Dixie;
Rasla,245.59.40.18,Lianne,Warner;
Dorthea,149.183.185.157,Rozella,Ursala;
Kate,63.194.121.170,Bette,Calhoun;
Charo,108.42.79.226,Shanan,Rey;
Carey,217.132.215.176,Tommi,Dougie;
Shawn,78.113.64.50,Mirella,Dorian;
Moishe,65.2.248.244,Elyse,Lexi;
Borden,179.177.164.1,Garrek,Randal;
Tilly,70.40.132.52,Waiter,Wallis;
Deeann,157.188.56.73,Dru,Joey;
Deane,138.230.187.240,Agneta,Coleman;
Lyndy,111.204.3.103,Cullen,Archibaldo;
Cornall,227.85.121.129,Cornie,Leilah;
Aloysius,212.230.22.251,Graham,Roda;
Tasia,142.24.89.17,Daron,Cymbre;
Lucais,52.236.29.207,Nicoline,Levon;
Hollis,106.65.216.14,Kellsie,Martita;
Nick,122.197.135.98,Gabriel,Enoch;
Tine,71.243.73.175,Belicia,Kikelia;
Brod,223.151.6.200,Codi,Nomi;
Brandice,80.198.173.1,Hayden,Shaylah;
Ariadne,133.40.153.174,Philipa,Bink;
Rusty,38.78.156.50,Langston,Kinnie;
Aldon,251.22.25.139,Ettore,Colleen;
Marice,174.166.81.72,Boony,Berk;
Ofelia,179.115.229.127,Boony,Aubrey;
Hesther,17.45.87.10,Marti,Aubry;
Betteanne,14.222.158.87,Lavina,Norry;
Averyl,196.201.167.140,Kalie,Dehlia;
Aylmer,56.115.100.129,Haskel,Malva;
Bee,112.29.233.235,Ariadne,Fowler;
Mervin,99.172.89.94,Tremain,Torie;
Ham,39.71.208.86,Renee,Nicola;
Reade,44.77.212.130,Kira,Udall;
Hulda,80.57.112.181,Winfred,Oswell;
Sari,17.45.62.145,Maddy,Codie;
Effie,243.106.14.163,Celka,Jessamyn;
Henderson,153.207.116.95,Emmaline,Adelle;
Timmy,157.76.113.226,Marline,Willy;
Chloris,9.227.96.74,Ynes,Sena;
Rodolph,234.212.132.174,Myrtle,Merissa;
Evie,133.46.81.110,Matthiew,Alameda;
Shannon,216.123.123.226,Karolina,Dana;
Brett,70.28.72.69,Babette,Daisi;
Jonas,74.144.235.169,Dela,Remy;
Hertha,159.224.216.66,Caroljean,Roselia;
Sue,57.71.219.242,Alwyn,Kandy;
Lew,186.169.199.142,Murdock,Kylynn;
Bertrando,233.182.207.108,Kendall,Rosita;
Umberto,137.39.171.34,Stillman,Neel;
Gavra,16.109.202.5,Ajay,Prescott;
Michaeline,238.194.217.32,Edwin,Tally;
Josi,210.145.159.209,Vasilis,Marjory;
Toby,5.236.133.237,Mada,Sal;
Benoit,249.63.52.110,Ronnica,Olympie;
Waylon,199.122.240.46,Jandy,Giraldo;
Conchita,164.64.12.254,Madeline,Susy;
Janaye,46.144.91.247,Aurelea,Alexa;
Meredith,113.188.81.19,Alanah,Jilly;
Ainslee,164.245.118.217,Norry,Orelee;
Evaleen,28.75.8.144,Marijn,Pieter;
Jehanna,131.12.190.50,Tracy,Dal;
Jen,222.0.41.55,Eadie,Kristen;
Robin,172.123.170.65,Jedidiah,Kora;
Mommy,165.62.211.122,Silvanus,Rodi;
Analise,177.11.60.90,Daffie,Lita;
Nanci,33.93.108.184,Nerissa,Gaylord;
Marlowe,169.63.232.2,Nobie,Rosamund;
Wendy,140.233.162.110,Rafael,Stacie;
Charmian,48.151.59.141,Hildegarde,Erek;
Eadmund,204.74.126.92,Leda,Carce;
Talbert,42.190.41.207,Matthus,Bret;
Aubert,121.173.126.94,Emmalee,Bernita;
Carlos,143.155.76.125,Mahmoud,Adrian;
Ingar,136.76.211.87,Nissy,Jenna;
Dolli,6.68.73.179,Marj,Grace;
Marylinda,87.229.44.253,Georgia,Erina;
Gian,162.142.3.232,Cassius,Kelcie;
Audra,222.206.229.98,Trudi,Monika;
Keri,230.224.196.85,Wilt,Marmaduke;
Dayle,50.198.45.129,Elene,Gail;
Lisle,236.181.164.7,Tiebold,Fayth;
Dalt,42.102.153.58,Brianna,Kevon;
Fran,192.86.6.54,Glenda,Brannon;
Kiri,60.87.151.154,Elena,Fancy;
Francisco,153.173.66.177,Birdie,Dana;
Verile,99.156.125.200,Crystie,Valentine;
Emlynne,42.85.166.220,Alonso,Jdavie;
Lusa,36.125.144.179,Dacia,Dall;
Erinna,246.97.141.144,Judon,Lotta;
Delaney,75.21.111.190,Roze,Garner;
Lothaire,148.234.91.170,Morganica,Edmund;
Jacqueline,49.21.81.169,Fritz,Dyna;
Tadeas,129.93.252.187,Kelley,Andriana;
Min,31.74.163.136,Sigvard,Shaughn;
Patrice,251.142.85.172,Mommy,Sadye;
Elane,90.246.16.39,Scotty,Henryetta;
Daron,77.111.10.105,Abraham,Vilma;
Theresina,93.80.253.65,Peadar,Meredith;
Humberto,204.102.194.183,Nicolas,Herve;
Marcela,188.62.92.40,Garwood,Ignazio;
Artemas,217.119.54.163,Mariejeanne,Mabel;
Cordi,7.166.176.191,Roobbie,Karel;
Gordie,114.232.214.147,Zach,Anastasie;
Audrey,76.83.46.161,Dame,Fancie;
Winston,27.229.137.199,Olympe,Ahmed;
Nathan,106.122.103.53,Meaghan,Kingsley;
Pietro,222.107.198.122,Pete,Marysa;
Sheppard,133.192.87.76,Merl,Orelie;
Garwood,34.186.25.143,Poul,Franny;
Fremont,93.154.135.16,Sheilah,Junia;
Stacee,103.137.77.123,Barnett,Brewer;
Annmarie,178.38.45.221,Vidovic,Roderich;
Hannis,252.18.78.213,Kippar,Arluene;
Andree,243.10.198.67,Ted,Marlon;
Adrian,59.224.23.142,Greggory,Symon;
Filmer,107.252.195.97,Joaquin,Dacy;
Weylin,42.65.110.206,Ab,Ali;
Amandi,76.210.77.199,Nanci,Maurene;
Cori,58.76.193.192,Conroy,Serene;
Martie,185.218.228.54,Eartha,Rosalind;
Paulina,211.228.219.36,Alisha,Alice;
Kaitlyn,5.124.10.225,Benjamen,Carl;
Guido,88.2.218.14,Augustus,Merrie;
Lucilia,157.136.136.154,Erskine,Lena;
Cornie,183.200.73.8,Amandie,Carlota;
Gabriello,107.229.171.201,Cassie,Alta;
Lorelei,139.169.136.165,Rocky,Mile;
Tansy,134.247.120.226,Deborah,Claudine;
Skipton,234.88.221.241,Cynthie,Morganne;
Gardiner,84.33.101.80,Gunner,Desiri;
Alasteir,136.252.28.107,Mathilde,Blaire;
Rosemarie,169.104.247.188,Davis,Adaline;
Ogdan,39.0.146.143,Melicent,Shepard;
Karry,6.179.14.112,Laughton,Carly;
Claudio,17.204.14.34,Allayne,Francklyn;
Sky,139.178.8.109,Drew,Elenore;
Joellen,176.202.75.8,Karol,Renelle;
Kristian,222.70.86.44,Howie,Deeanne;
Chastity,192.67.63.91,Ericka,Judie;
Kissee,18.244.54.9,Loni,Neysa;
Alanna,165.123.78.251,Bobinette,Emelyne;
Lyndsey,89.254.244.145,Hasty,Vally;
Cari,168.153.147.168,Temp,Livy;
Micah,167.62.170.14,Hewe,Devondra;
Jerrine,57.25.196.155,Francois,Rolph;
Bambi,245.94.91.46,Lexie,Poppy;
Sauveur,9.197.151.119,Eal,Gardener;
Prissie,232.247.88.60,Bidget,Shanan;
Kittie,214.182.4.96,Wilhelm,Candide;
Franni,187.184.114.15,Alexa,Ingrim;
Anni,229.190.36.199,Marti,Kora;
Juditha,250.153.3.17,Celia,Elonore;
Oswell,250.11.121.26,Alaine,Chad;
Norry,217.176.161.197,Genovera,Gram;
Maxi,7.78.231.112,Anna-diana,Winona;
Gabriela,203.12.255.137,Maryl,Johannes;
Orsola,129.50.119.17,Honey,Damian;
Barbabas,212.186.154.52,Sella,Anson;
Joey,233.156.242.180,Rosie,Rubi;
Mortimer,80.191.89.194,Mack,Lissa;
Granthem,217.159.13.75,Bevon,Ezri;
Albie,208.145.133.238,Babs,Honor;
Angelina,161.47.47.245,Amye,Syd;
Kellby,20.68.31.193,Rosita,Pammy;
Nichole,171.52.144.232,Cathy,Helene;
Millie,60.156.219.160,Pepi,Corabel;
Marlena,43.134.65.163,Hillier,Mariel;
Stanislaw,35.47.182.67,Yorke,Kris;
Aprilette,133.153.230.200,Beale,Mathilda;
Mallissa,174.70.106.162,Patrica,Aldwin;
Loydie,191.66.252.73,Tomas,Randal;
Row,148.174.252.222,Leonanie,Delano;
Normie,157.15.96.27,Corly,Washington;
Wenona,48.48.47.219,Filide,Zachery;
Gallagher,32.106.214.91,Harriette,Dorie;
Cullin,155.147.69.123,Cazzie,Starlene;
Adrian,153.150.27.167,Alis,Clyve;
Petrina,78.155.88.214,Siward,Lisetta;
Arlyne,212.69.168.196,Claresta,Leoline;
Benton,129.211.250.206,Milka,Sterne;
Cora,36.156.181.10,Paige,Sloane;
Merralee,48.120.20.173,Antonina,Olivia;
Shantee,204.134.109.58,Darnell,Lemuel;
Farah,33.201.198.99,Loralie,Laughton;
Kirsti,20.30.33.4,Lila,Barbe;
Granny,21.163.204.213,Micki,Corinna;
Sybil,253.24.16.119,Zelig,Lynnea;
Burnard,120.38.47.9,Filmore,Carol;
Ollie,177.164.17.124,Josephine,Hestia;
Thibaut,165.228.237.192,Mikaela,Chaim;
Ross,96.76.87.232,Robinet,Lyndel;
Robinett,200.3.161.238,Trace,Erin;
Cory,162.38.190.28,Artemis,Gideon;
Farlie,155.40.72.208,Jay,Swen;
Lydia,28.237.99.217,Penn,Hatty;
Tami,105.170.5.206,Zack,Kori;
Kristofer,97.194.135.172,Merill,Gwenneth;
Noami,172.140.216.161,Merry,Georas;
Grady,194.125.60.130,Jannel,Gusella;
Hailee,191.8.162.26,Pier,Udale;
Jobye,231.251.255.142,Fina,Willette;
Pippa,201.26.199.101,Tilly,Kristen;
Robbie,105.195.124.242,Tristam,Dyna;
Mahmud,84.171.88.178,Faunie,Brittni;
Heloise,189.142.76.224,Isabeau,Walsh;
Peggie,104.13.59.94,Jacquelin,Baily;
Ailene,175.105.228.217,Joella,Markus;
Inger,73.89.195.127,Dale,Debbi;
Casper,139.5.224.244,Milty,Lauryn;
Iona,120.252.152.83,Glenine,Isidora;
Quill,134.91.4.95,Jessi,Giovanni;
Georgy,37.221.25.165,Tove,Tommi;
Lurlene,133.62.200.246,Truda,Rodolfo;
Avery,120.71.23.80,Valentine,Alanson;
Druci,12.121.205.131,Bobby,Mirelle;
Geordie,40.142.197.68,Witty,Adelina;
Beverlie,36.233.55.37,Joey,Ferrell;
Jennifer,81.163.42.148,Mayor,Patric;
Gates,159.95.126.37,Renae,Matthias;
Adela,131.20.255.189,Clayson,David;
Zachariah,110.124.205.124,Imogen,Neila;
Lavinia,136.19.94.110,Walliw,Abramo;
Wilmar,163.97.14.108,Cam,Maje;
Lexy,18.178.32.43,Hugues,Herculie;
Eimile,142.36.61.251,Ermanno,Roselia;
Tate,49.242.245.87,Adah,Alessandra;
Orbadiah,154.80.224.138,Seward,Obie;
Wendeline,216.149.24.178,Rriocard,Manfred;
Leonore,235.82.193.147,Panchito,Kermie;
Darice,198.155.97.137,Marjorie,Jamie;
Drusie,239.169.72.197,Shelton,Bonnie;
Tomas,235.47.27.15,Cally,Sharla;
Archibold,243.49.45.152,Jay,Walliw;
Locke,165.151.219.235,Bailie,Rhona;
Dane,77.226.181.62,Allison,Aleen;
Brenn,167.30.249.131,Casey,Duky;
Adler,18.105.190.209,Percy,Wilburt;
Florinda,247.10.103.55,Raimondo,Alejandro;
Daryle,156.244.84.176,Jennine,Ninnetta;
Ira,125.125.193.44,Wolfgang,Dun;
Valentino,200.11.29.163,Chickie,Irwinn;
Haley,137.95.61.173,Aubrey,Leland;
Dall,120.35.184.0,Joli,Mozes;
Jeanette,127.196.95.161,Annis,Modestia;
Bayard,49.237.166.221,Kelsey,George;
Sheelah,210.99.137.184,Jon,Cordelia;
Roxane,201.69.47.193,Ingaborg,Dasi;
Jocelyne,76.144.49.228,Kristi,Catrina;
Eden,115.27.224.20,Ripley,Linet;
Karly,59.196.140.23,Tucky,Olympia;
Rachelle,151.153.67.155,Carolee,Brigham;
Virginie,129.223.3.237,Mordecai,Finn;
Hastings,62.27.238.97,Benn,Pepe;
Kay,37.203.166.172,Loraine,Georgeanna;
Noemi,161.111.223.5,Land,Winnifred;
Erie,155.208.139.218,Alice,Gisella;
Mada,96.9.33.96,Anatollo,Ricard;
Cooper,146.192.128.159,Bartholemy,Sanford;
Alyson,203.89.13.42,Fran,Con;
Ozzie,233.16.67.116,Zahara,Archer;
Riva,215.28.209.132,Melanie,Melicent;
Lorain,168.195.14.201,Spike,Sue;
Beverly,19.233.131.219,Marty,Trueman;
Lyn,152.144.157.130,Hugues,Gusty;
Ingrim,9.252.177.14,Lorenza,Eddy;
Nickolai,131.191.51.255,Domini,Tamara;
Matilde,201.3.159.56,Cleo,Stafford;
Kenton,203.153.41.58,Gerard,Leonard;
Hube,26.138.28.191,Jeremie,Loralie;
Zarah,179.30.169.221,Cristin,Fidelity;
Madelyn,53.161.165.177,Howey,Emanuele;
Field,24.170.197.102,Naomi,Sapphira;
Jemimah,123.247.205.135,Norine,Eduard;
Lydie,112.70.37.17,Kim,Mahmoud;
Sarine,216.25.111.89,Karlee,Charleen;
Tadio,84.52.18.178,Thatch,Glen;
Heddi,145.130.76.251,Gordan,Buckie;
Staford,185.223.149.253,Dewie,Deerdre;
Gaspar,101.81.244.100,Mommy,Britt;
Francoise,57.118.76.206,Flore,Hodge;
Sullivan,253.234.234.61,Guillemette,Titos;
Minna,171.223.159.118,Weidar,Llywellyn;
Darrin,173.88.46.75,Gweneth,Justinian;
Alvinia,255.190.252.145,Randy,Neale;
Marcello,255.156.23.253,Garald,Cortney;
Beryle,85.44.215.189,Shay,Huntington;
Stafford,231.111.39.202,Rick,Willi;
Lew,86.162.131.130,Hamel,Adelbert;
Catharine,203.38.173.247,Sallie,Marlena;
Carlina,88.201.11.114,Bernadina,Woodrow;
Maurene,47.195.154.110,Dyane,Kimberlyn;
Carmina,206.205.173.86,Jeanie,Guilbert;
Arda,206.187.184.107,Luci,Roda;
Valera,49.125.99.168,Janette,Sayer;
Eleanor,227.63.60.10,Rosco,Doti;
Chelsae,143.20.86.245,Chrisse,Tammy;
Esmeralda,146.233.34.24,Kinsley,Toddie;
Letty,142.227.179.77,Luciano,Cordula;
Allianora,57.20.211.191,Malvin,Paxton;
Juline,112.46.7.126,Nichols,Terri-jo;
Cheston,224.219.172.200,Blithe,Laraine;
Margy,248.147.42.75,Orelle,Corey;
Willis,60.0.226.134,Valentine,Sabrina;
Wallis,143.221.206.140,Mathilda,Todd;
Gerardo,22.161.239.193,Keely,Cynthia;
Janos,136.61.150.210,Annemarie,Reinold;
Sandi,168.168.17.37,Sawyere,Itch;
Alisun,13.169.213.88,Umberto,Wynn;
Gaynor,54.169.208.124,Izabel,Karie;
Brew,70.153.207.94,Waylen,Benedikt;
Christoph,74.32.165.156,Wayne,Melvin;
Revkah,251.190.161.176,Gilda,My;
Juliet,85.170.136.86,Siobhan,Edi;
Gilemette,40.174.66.24,Petronella,Laurice;
Davita,40.78.233.157,Floyd,Carly;
Annmarie,33.78.202.150,Bale,Francoise;
Stinky,167.52.106.90,Erastus,Brien;
Craggy,50.233.212.247,Quinta,Georgena;
Row,46.194.119.55,Darrelle,Elroy;
Skip,30.186.217.91,Emylee,Wileen;
Tann,160.79.90.180,Jeremie,Sheffield;
Patsy,190.72.234.170,Rollie,Raoul;
Rog,148.181.155.75,Delilah,Brandi;
Myriam,248.16.181.38,Etan,Vere;
Kaine,139.159.81.126,Nikolai,Tilly;
Steffie,2.116.113.151,Otis,Jocelin;
Antoinette,200.141.134.27,Linea,Curtice;
Aloin,84.200.242.193,Pauli,Vidovik;
Javier,191.32.158.209,Cedric,Keenan;
Ingeborg,57.81.35.212,Laurie,Drusi;
Ines,175.97.141.142,Maribeth,Eadmund;
Hillard,95.195.134.184,Samaria,Jyoti;
Meredith,116.98.135.66,Rora,Sherwin;
Emelia,14.193.177.8,Bertine,Phylys;
Catarina,169.46.182.123,Zarla,Denney;
Kale,253.133.88.211,Dirk,Laverna;
Merrily,10.207.104.103,Frasquito,Patsy;
Sharline,198.157.73.3,Carole,Cointon;
Alain,169.93.141.61,Wilbert,Harcourt;
Genia,254.112.62.189,Elayne,Augustina;
Sigismond,183.9.38.165,Chad,Rey;
Blaine,60.98.94.139,Ethelin,Gabie;
Henri,94.126.182.242,Garrick,Sloane;
Adolf,244.6.239.50,Lyndsay,Chrissy;
Sile,44.15.208.167,John,Kylen;
Sonny,123.71.6.222,Noble,Hamlin;
Kessiah,235.39.187.252,Merlina,Linnie;
Roberta,11.141.45.59,Phyllys,Miles;
Loy,59.74.157.56,Viole,Syd;
Janelle,131.22.50.112,Estelle,Paulita;
Currie,222.127.165.36,Robinett,Claire;
Cleve,140.99.99.37,Ezekiel,Anna-diane;
Kaila,119.45.148.75,Arlin,Aymer;
Herbert,224.21.192.145,Frayda,Christopher;
Ulrich,33.166.100.134,Rance,Dewitt;
Dacie,19.18.225.75,Doloritas,Hillard;
Jilleen,65.35.231.166,Brit,Jephthah;
Mason,72.147.249.184,Reider,Averill;
Durward,176.159.146.73,Mag,Linnet;
Kaila,165.229.109.173,Carmella,Rosalyn;
Kristien,61.16.95.83,Aron,Damaris;
Dame,54.58.62.163,Chad,Marty;
Tallou,19.25.245.58,Carena,Gratia;
Wiatt,105.168.71.168,Ezequiel,Edi;
Dunstan,133.166.59.111,Vasili,Heloise;
Hoyt,220.54.215.55,Alano,Weylin;
Cherie,112.165.195.88,Charleen,Randie;
Osbourne,231.81.235.24,Hurlee,Minor;
Glad,179.227.214.74,Ethelind,Raymund;
Diane,58.157.13.161,Wilden,Stoddard;
Athene,133.163.83.19,Katherine,Blake;
Otho,235.125.142.125,Lelah,Florance;
Lissie,249.213.158.41,Marian,Pansy;
Mead,118.137.38.90,Meggi,Gabi;
Lynn,99.55.146.231,Benedikt,Wilbur;
Jacquie,151.238.213.213,Perle,Rawley;
Lily,175.58.97.140,Katherina,Eugen;
Bartram,230.136.167.169,Klaus,Hersch;
Benny,230.19.72.235,Bax,Kris;
Keane,248.190.64.152,Evin,Borg;
Mabelle,62.185.159.58,Jodee,Victoria;
Harry,75.36.20.47,Kinny,Eva;
Filip,212.45.45.191,Anatola,Sharyl;
Florian,53.214.215.126,Susan,Constancia;
Herculie,221.117.72.108,Farlay,Berton;
Marlee,68.42.229.175,Shirl,Glynnis;
Kellen,165.166.194.180,Maris,Andrej;
Northrup,15.208.181.24,Anthiathia,Frieda;
Timmy,167.156.17.247,Gwyneth,Nadeen;
Godfrey,19.197.201.208,Lissi,Alvera;
Elden,210.128.113.251,Valentin,Tomi;
Mommy,233.100.169.161,Doe,Nesta;
Nikolaus,176.247.78.125,Nanci,Niko;
Jorey,226.29.167.172,Tybie,Naomi;
Osmond,161.165.213.143,Vikky,Dolly;
Ralina,108.82.149.98,Dollie,Matilda;
Lou,220.32.72.107,Karna,Ezekiel;
Ermanno,141.97.228.29,Ker,Nanny;
Townsend,33.136.144.44,Ekaterina,Torrance;
Joela,249.146.94.24,Katy,Bebe;
Jeddy,144.248.193.171,Jacqui,Philis;
Roda,143.41.22.206,Andie,Virginia;
Lemuel,16.195.24.57,Dav,Gisela;
Marietta,22.181.132.220,Rickert,Theodore;
Willetta,100.61.215.190,Lindy,Grannie;
Guglielma,45.32.10.64,Rockey,Karita;
Cloe,28.46.96.26,Krishna,Kendal;
Terri,113.187.169.255,Mame,Lauryn;
Horatia,142.216.247.232,Cale,Gelya;
Pascale,229.20.92.149,Freida,Matilda;
Aubrette,212.53.47.247,Ash,Lombard;
Austin,227.68.93.197,Gert,Teddy;
Alena,220.243.14.56,Francisco,Terrence;
Sybyl,15.169.113.180,Gunther,Nissa;
Clare,40.233.126.41,Frederico,Lynea;
Rivi,166.54.15.233,Jan,Ryley;
Malynda,222.199.189.79,Berky,Arabel;
Faydra,129.15.47.235,Raven,Toinette;
Merrie,81.123.151.111,Noam,Rozanna;
Fremont,114.42.57.169,Elinor,Harcourt;
Barb,151.233.152.114,Joceline,Georgie;
Warden,145.11.135.168,Russell,Hastings;
Natala,33.24.110.226,Denni,Augustina;
Geoffry,154.203.225.51,Mirabel,Carlie;
Katherina,80.136.30.79,Emelita,Isak;
Milzie,14.56.252.149,Korrie,Carly;
Constantino,201.161.46.98,Ira,Griz;
Glenda,241.189.67.14,Sheff,Babbie;
Catharine,56.137.151.133,Cullie,Alon;
Lorena,254.225.78.234,Carmel,Derrik;
Kirbee,28.91.70.107,Bern,Margaretha;
Feliks,120.40.68.36,Mable,Ethan;
Liva,165.240.104.149,Harper,Conn;
Judah,112.144.68.11,Scott,Freddy;
Rochell,160.200.159.109,Gus,Franny;
Bertram,62.99.181.224,Carrissa,Horace;
Aksel,253.115.144.7,Daisie,Gay;
Dell,199.134.181.230,Nolly,Joachim;
Nerte,63.224.71.255,Jayme,Carole;
Ada,4.253.44.131,Keven,Natalee;
Blanca,6.82.240.189,Marthe,Perl;
Delly,118.73.125.170,Lotty,Nollie;
Elysia,185.141.30.234,Gayla,Malorie;
Morena,102.188.236.16,Clyde,Jessie;
Raven,26.239.144.212,Aguie,Mario;
Gard,116.249.115.27,Bone,Octavia;
Elsworth,193.12.194.132,Josiah,Xymenes;
Pet,81.153.227.185,Rafaello,Pacorro;
Bevin,44.158.38.248,Simmonds,Kate;
Kimberly,236.177.235.143,Janine,Alix;
Margareta,127.255.194.194,Brandais,Sherwynd;
Stefan,29.26.160.110,Gwenore,Libby;
Colleen,70.198.20.91,Alard,Omero;
Sabine,60.88.197.128,Eveleen,Hershel;
Maryanna,161.185.233.166,Katha,Rosaline;
Sapphira,155.252.0.213,Ophelia,Wilie;
Nell,206.148.87.119,Rosina,Cletis;
Ethelda,187.224.117.10,Cesare,Chane;
Nickolas,232.140.178.9,Isidora,Davina;
Lotta,19.217.180.113,Brigham,Kaleb;
Ross,53.247.144.52,Anna,Sarajane;
Petronella,219.199.187.210,Clevie,Ursulina;
Mariellen,48.44.120.106,Stacee,Dot;
Yvor,156.125.111.100,Rebekah,Riki;
Juliane,251.239.237.49,Hurley,Wittie;
Odelle,83.199.250.38,Roley,Saunder;
Wilmer,215.176.66.190,Alexandr,Aura;
Gui,43.45.210.154,Albie,Sapphira;
Janeczka,14.45.253.84,Arluene,Truman;
Goran,68.158.67.66,Griff,Juliann;
Eddy,167.176.29.68,Chlo,Ursulina;
Cybill,229.82.156.157,Clotilda,Norbert;
Otes,79.42.11.211,Veronique,Karlens;
Chandra,167.55.111.102,Janis,Briant;
Jazmin,246.2.42.0,Robbi,Vida;
Devland,2.9.209.193,Jazmin,Christen;
Renard,170.168.56.21,Caryn,Rhea;
Genni,37.37.216.212,Rosalinda,Kevon;
Francine,194.168.205.117,Lester,Malva;
Shurwood,181.170.130.56,Casie,Eric;
Gayle,109.83.37.117,Brucie,Jennee;
Hatti,79.67.158.150,Petra,Martina;
Julianne,240.235.34.149,Damiano,Ferdinande;
Christyna,192.19.34.133,Marabel,Adamo;
Gennie,58.255.241.186,Demetris,Kissiah;
Rhianon,141.129.127.209,Antin,Egan;
Davon,103.167.191.98,Skelly,Dave;
Eugenia,199.45.229.40,Ambrosius,Ad;
Joly,63.131.145.21,Darin,Hayyim;
Nettle,249.167.35.225,Christye,Addy;
Wynne,68.29.198.100,Rafaello,Cecil;
Orazio,164.205.50.79,Colly,Abby;
Saunders,178.221.84.130,Perla,Cally;
Herold,109.5.76.57,Denny,Judah;
Randolph,130.102.10.116,Mirabelle,Lorenzo;
Brade,89.29.217.4,Pat,Nadia;
Lorrin,157.238.54.182,Korella,Tansy;
Brena,153.190.165.92,Dari,Sofie;
Felizio,186.211.96.216,Sella,Bone;
Lek,116.55.163.170,Cyndi,Coralyn;
Tami,236.226.237.90,Hazlett,Yevette;
Phedra,182.211.186.166,Saree,Arv;
Franchot,32.93.53.102,Michelina,Carce;
Sharlene,128.177.96.191,Gloria,Halie;
Sharyl,228.240.146.227,Aileen,Hi;
Quintilla,116.187.116.24,Ailis,Kenny;
Dannye,232.236.122.103,Gun,Hayyim;
Georgi,98.2.255.179,Burk,Addi;
Misty,141.10.10.90,Mose,Byrle;
Thea,76.127.124.64,Eal,Doreen;
Rosanne,194.23.83.37,Vida,Prudence;
Cornie,187.52.118.113,Valerye,Chadd;
Veronique,227.171.112.68,Micheal,Kathleen;
Muire,14.236.232.160,Kacy,Anett;
Morlee,14.255.113.108,Kim,Vinita;
Gradeigh,137.163.233.1,Ben,Alyce;
Georgianne,158.11.27.134,Enoch,Val;
Valma,76.14.52.140,Eduardo,Tully;
Fields,176.42.235.159,Edie,Meyer;
Joellyn,143.20.76.160,Bren,Chrystel;
Shayna,91.200.163.52,Franzen,Mellie;
Sumner,252.78.4.18,Wash,Manda;
Myca,35.254.65.241,Eden,Gerry;
Truda,50.139.28.184,Douglass,Ruby;
Editha,218.74.16.208,Luis,Junia;
Byrom,207.58.8.121,Earl,Reba;
Eunice,225.54.133.171,Hirsch,Maryjo;
Trudy,222.220.253.55,Karilynn,Lilyan;
Gypsy,93.151.88.29,Bernarr,Rafael;
Danella,100.191.26.152,Marlee,Octavia;
Vina,48.229.73.39,Rozalie,Maybelle;
Zara,129.248.36.63,Janaya,Danell;
Merwyn,46.120.166.254,Wylma,Noellyn;
Warner,195.12.49.3,Byrle,Cortie;
Lisha,97.170.32.152,Pauly,Heall;
Ferris,12.115.112.82,Eran,Orly;
Bria,67.93.6.70,Jaymee,Aurilia;
Sancho,118.116.135.89,Kris,Penelope;
Crawford,111.234.227.2,Normy,Davida;
Cherise,202.88.120.20,Kacie,Gerrie;
Teriann,118.33.24.65,Lina,Renado;
Audie,42.24.75.250,Adria,Maximilian;
Lyndell,28.250.11.41,Samuele,Jaime;
Melisandra,230.104.172.153,Beau,Coop;
Dorelia,223.185.30.180,Efren,Margot;
Sheridan,178.162.181.133,Mahala,Zoe;
Bee,145.62.81.69,Gustaf,Wylie;
Dulci,44.186.9.134,Mark,Thibaut;
Terrijo,57.205.37.32,Perrine,Marthena;
Eugenia,97.132.59.175,Dermot,Ernest;
Zoe,233.153.138.194,Jacinta,Constantine;